BookID,Title,Author,ISBN,PublishedDate,Genre,ShelfLocation,CurrentStatus
1,"Biography Book,Renner",Enriqueta Renner,159564032-0,5/26/1945,Biography,K-544,Available
2,"Science Book,Beatty",Ruthie Beatty,413758718-3,1872-12-30,Science,U-181,Available
3,"Poetry Book,Cluitt",Sheilah Cluitt,185027368-5,9/9/2008,Poetry,G-166,Available
4,"Poetry Book,Payn",Odie Payn,464371393-3,8/18/2003,Poetry,X-898,Available
5,"Poetry Book,Handrahan",Ronda Handrahan,977011154-6,1/27/1954,Poetry,F-715,Available
6,"Self-Help Book,Copsey",Johny Copsey,386226955-8,11/2/1963,Self-Help,V-868,Available
7,"Biography Book,Coogan",Ariel Coogan,628376243-3,1822-04-21,Biography,N-102,Available
8,"Biography Book,Henkmann",Tom Henkmann,587498721-5,1826-10-05,Biography,Z-485,Available
9,"Biography Book,Stentiford",Dawn Stentiford,919842102-6,1879-12-01,Biography,Q-776,Borrowed
10,"History Book,Anshell",Murdoch Anshell,519631154-8,7/6/2010,History,Q-414,Borrowed
11,"Science Book,Frith",Lea Frith,554971380-2,1802-11-12,Science,P-390,Available
12,"Poetry Book,Dunaway",Meredith Dunaway,390227301-1,11/4/2006,Poetry,K-642,Available
13,"Science Book,Taylor",Malcolm Taylor,031841550-X,1830-06-29,Science,B-958,Available
14,"Science Book,Parzizek",Alyss Parzizek,674388008-6,1875-08-02,Science,E-524,Available
15,"Science Book,Le Marquand",Sylvan Le Marquand,241955702-6,1/2/1950,Science,T-770,Borrowed
16,"History Book,Kunneke",Carmon Kunneke,840184191-7,12/6/1950,History,B-295,Available
17,"Science Book,Zorzi",Barnebas Zorzi,952098175-6,1870-03-22,Science,L-220,Available
18,"Biography Book,Drury",Jourdain Drury,782981798-7,1851-02-23,Biography,A-058,Borrowed
19,"Biography Book,Koppe",Gabie Koppe,935142537-1,1887-07-24,Biography,L-713,Available
20,"Science Book,Tyres",Alic Tyres,299896700-0,10/11/2019,Science,B-086,Available
21,"Self-Help Book,Behnecke",Madelena Behnecke,228209594-4,1/26/1960,Self-Help,Z-819,Borrowed
22,"History Book,Gowdy",Kev Gowdy,702372690-X,1842-11-13,History,N-422,Available
23,"Science Book,Hovenden",Giacobo Hovenden,075261869-5,5/20/1972,Science,J-570,Borrowed
24,"Science Book,Leamy",Francyne Leamy,306926575-8,1820-08-10,Science,R-480,Available
25,"History Book,Rea",Donelle Rea,326727040-5,10/18/1949,History,R-123,Available
26,"Science Book,Carlisso",Hollie Carlisso,110635961-5,12/3/1930,Science,L-920,Borrowed
27,"Biography Book,Divers",Marni Divers,710431216-1,1874-06-28,Biography,R-999,Available
28,"Biography Book,Boath",Menard Boath,932438962-9,10/9/1903,Biography,U-365,Borrowed
29,"Science Book,Della Scala",Muffin Della Scala,171392477-3,7/30/1985,Science,P-576,Available
30,"Self-Help Book,Radmer",Andrey Radmer,228800067-8,1862-11-24,Self-Help,W-708,Available
31,"Biography Book,Llopis",Rachael Llopis,414794285-7,12/9/1965,Biography,Y-141,Borrowed
32,"Biography Book,Slimmon",Ceil Slimmon,153286858-8,8/2/1918,Biography,Y-063,Borrowed
33,"Biography Book,Colecrough",Salvidor Colecrough,920315034-X,1822-04-03,Biography,G-202,Borrowed
34,"History Book,Groom",Guendolen Groom,952381784-1,2/15/1980,History,N-112,Borrowed
35,"History Book,Deftie",Eulalie Deftie,261477037-X,12/21/1933,History,M-421,Borrowed
36,"Science Book,Corstan",Dario Corstan,412625287-8,5/13/1980,Science,N-674,Borrowed
37,"Biography Book,Luetchford",Ellery Luetchford,674919323-4,10/14/1953,Biography,E-062,Available
38,"Biography Book,Alessandrucci",Dacey Alessandrucci,874295282-4,1818-09-03,Biography,M-270,Borrowed
39,"History Book,Playhill",Burgess Playhill,385524266-6,5/30/2016,History,M-917,Borrowed
40,"Biography Book,Leathley",Mathilda Leathley,884857602-8,1873-04-07,Biography,M-639,Available
41,"Self-Help Book,Goburn",Kevan Goburn,747480067-5,1835-10-04,Self-Help,M-166,Available
42,"History Book,Bruno",Svend Bruno,274345062-2,7/3/1929,History,O-462,Borrowed
43,"Self-Help Book,Cramer",Dukey Cramer,040736423-4,1826-04-10,Self-Help,X-913,Borrowed
44,"Science Book,Pilsworth",Genevieve Pilsworth,982897591-2,1844-03-01,Science,G-212,Available
45,"Biography Book,Sollitt",Cybil Sollitt,279824703-9,3/1/1902,Biography,M-439,Borrowed
46,"Biography Book,Lowdeane",Welbie Lowdeane,584116692-1,5/28/1971,Biography,F-002,Available
47,"History Book,Lohering",Nola Lohering,051183068-8,3/3/1915,History,K-975,Borrowed
48,"Biography Book,Conre",Galven Conre,317065450-0,11/19/2021,Biography,G-035,Borrowed
49,"Biography Book,Clemmens",Doris Clemmens,110699953-3,1844-12-27,Biography,R-224,Available
50,"Biography Book,Latter",Rachael Latter,559295956-7,1862-10-20,Biography,B-913,Available
51,"History Book,Kittless",Cilka Kittless,200675612-5,1870-01-18,History,Y-997,Available
52,"Science Book,Malley",Hermine Malley,677233647-X,10/27/1968,Science,F-721,Available
53,"Science Book,Mockes",Mavis Mockes,449641481-3,1864-05-31,Science,H-477,Borrowed
54,"Poetry Book,Weatherell",Isak Weatherell,492982068-5,10/16/1941,Poetry,A-921,Borrowed
55,"History Book,Gamlin",Sigrid Gamlin,311145323-5,3/5/1941,History,L-391,Available
56,"Poetry Book,Danilovich",Bartolomeo Danilovich,031193586-9,1848-08-01,Poetry,C-927,Available
57,"Science Book,Laydel",Samara Laydel,956042797-0,12/12/1903,Science,G-594,Borrowed
58,"History Book,McShirie",Sheilakathryn McShirie,317003670-X,12/23/1942,History,M-037,Available
59,"Poetry Book,Fossick",Theressa Fossick,209305403-5,1858-10-30,Poetry,D-114,Borrowed
60,"History Book,Martinelli",Standford Martinelli,477746076-2,1824-01-03,History,U-466,Borrowed
61,"History Book,Chapleo",Ayn Chapleo,214592114-1,4/9/1923,History,S-411,Borrowed
62,"Science Book,Speachley",Ulberto Speachley,050823372-0,4/5/2011,Science,O-432,Available
63,"Self-Help Book,Waudby",Elita Waudby,132723171-9,11/22/2010,Self-Help,N-044,Available
64,"Science Book,Lansdown",Clarice Lansdown,834594866-9,1850-04-26,Science,C-134,Borrowed
65,"Self-Help Book,Buick",Benjy Buick,792787218-4,7/9/1968,Self-Help,Y-126,Available
66,"Biography Book,Allender",Tab Allender,859268293-2,1816-07-02,Biography,F-974,Borrowed
67,"Science Book,Syer",Lyndsay Syer,369556552-7,11/5/1963,Science,S-599,Borrowed
68,"Science Book,Courtonne",Lacee Courtonne,952493317-9,1890-09-01,Science,X-860,Available
69,"History Book,Kalaher",Francklin Kalaher,325757819-9,6/13/1944,History,D-766,Available
70,"Biography Book,Vagges",Carina Vagges,588203260-1,12/30/2022,Biography,O-471,Borrowed
71,"Poetry Book,Standell",Darrelle Standell,852180257-9,10/10/1988,Poetry,A-968,Borrowed
72,"Biography Book,Marlow",Nita Marlow,602165028-X,2/6/2003,Biography,U-216,Borrowed
73,"History Book,Coomber",Ken Coomber,373068467-1,1/2/2014,History,C-063,Available
74,"Science Book,Hemerijk",Delly Hemerijk,184876095-7,3/8/1996,Science,K-463,Borrowed
75,"Science Book,Landre",Violet Landre,920743076-2,1834-04-20,Science,X-284,Borrowed
76,"Poetry Book,Thring",Juli Thring,625470120-0,1842-03-01,Poetry,F-146,Available
77,"History Book,Ransom",Ynez Ransom,137926655-6,3/26/1960,History,V-180,Borrowed
78,"Self-Help Book,Mettericke",Ginny Mettericke,463851697-1,1873-05-08,Self-Help,J-241,Borrowed
79,"Biography Book,Bernhart",Bettye Bernhart,139077796-0,1807-11-14,Biography,V-592,Available
80,"Poetry Book,Whoolehan",Lissie Whoolehan,657752830-6,1806-05-03,Poetry,M-605,Available
81,"Poetry Book,Carnell",Evelina Carnell,792687377-2,10/18/1957,Poetry,A-481,Available
82,"Biography Book,Frangello",Lauren Frangello,832762033-9,1822-10-20,Biography,M-918,Available
83,"History Book,Sparshutt",Emmeline Sparshutt,549906713-9,12/25/1921,History,X-865,Borrowed
84,"Science Book,Faraday",Mohammed Faraday,397338016-3,1/21/1925,Science,U-601,Available
85,"Science Book,Redshaw",Sarge Redshaw,723397713-5,8/23/1916,Science,E-586,Borrowed
86,"Poetry Book,Lytton",Dyan Lytton,206163600-4,2/24/1994,Poetry,N-466,Available
87,"Self-Help Book,Grewer",Joaquin Grewer,390646700-7,11/14/1959,Self-Help,G-824,Borrowed
88,"Poetry Book,Stonnell",Shanta Stonnell,514296463-2,5/31/1951,Poetry,I-976,Available
89,"History Book,Wattisham",Vanya Wattisham,054955872-1,1822-09-06,History,E-666,Borrowed
90,"History Book,McGreay",Anatollo McGreay,445101231-7,1847-02-07,History,G-971,Available
91,"Poetry Book,Drinan",Grazia Drinan,883196579-4,1898-11-05,Poetry,Z-321,Available
92,"Science Book,Eglinton",Henrieta Eglinton,524920644-1,3/5/1943,Science,D-235,Borrowed
93,"Biography Book,Rudeyeard",Sal Rudeyeard,957889549-6,1821-06-04,Biography,P-417,Borrowed
94,"Science Book,Klais",Ezmeralda Klais,799532461-8,1888-04-23,Science,S-134,Available
95,"Science Book,Swetman",Horton Swetman,320101250-5,1842-03-20,Science,F-989,Available
96,"Biography Book,Corkitt",Vittorio Corkitt,941931291-7,10/29/1927,Biography,M-835,Available
97,"Science Book,Sparshatt",Chrissie Sparshatt,002264381-8,6/24/1981,Science,R-396,Available
98,"Poetry Book,Nice",Webster Nice,260103193-X,12/7/1915,Poetry,Q-263,Borrowed
99,"Science Book,Merle",Axel Merle,829707689-X,8/7/1952,Science,C-569,Available
100,"Science Book,Guare",Burch Guare,227163560-8,1802-08-23,Science,C-350,Borrowed
101,"Science Book,Seeviour",Brody Seeviour,413531613-1,4/10/2014,Science,V-875,Available
102,"Biography Book,Naisbet",Bobbie Naisbet,340047682-X,1/31/1969,Biography,L-132,Borrowed
103,"History Book,Morris",Ally Morris,752108786-0,1812-05-25,History,J-951,Available
104,"Poetry Book,Fishley",Ebonee Fishley,770123282-6,1809-02-04,Poetry,N-112,Available
105,"History Book,Hurche",Mable Hurche,982162462-6,1878-02-14,History,K-653,Available
106,"Biography Book,Cathro",Rodolfo Cathro,366041974-5,1838-01-03,Biography,A-941,Available
107,"Science Book,Jellyman",Lesya Jellyman,542368639-3,1811-09-22,Science,H-384,Available
108,"Science Book,Rainy",Mattie Rainy,120211162-9,4/2/1938,Science,Q-405,Available
109,"Poetry Book,Nisbet",Rickie Nisbet,618468638-0,10/10/1947,Poetry,I-532,Available
110,"Science Book,Pleavin",Bone Pleavin,560184270-1,6/24/1951,Science,Q-603,Borrowed
111,"Poetry Book,Matyushenko",Nydia Matyushenko,527114888-2,12/5/1912,Poetry,Q-824,Available
112,"Poetry Book,Houchen",Darryl Houchen,323631441-9,1/1/1908,Poetry,C-347,Available
113,"Poetry Book,Challicum",Fredelia Challicum,479458142-4,7/25/1962,Poetry,B-629,Borrowed
114,"Biography Book,Rumney",Alyssa Rumney,991466782-1,1840-03-16,Biography,B-886,Available
115,"History Book,London",Ysabel London,953037593-X,1804-01-21,History,N-567,Borrowed
116,"Science Book,Roeby",Jacquelyn Roeby,402817907-6,11/22/1956,Science,N-047,Available
117,"Science Book,Palphreyman",Vail Palphreyman,814000656-4,1867-05-15,Science,V-229,Available
118,"Poetry Book,Olland",Alida Olland,475356583-1,6/17/2002,Poetry,N-193,Available
119,"Biography Book,Shiliton",Deirdre Shiliton,613681083-2,1806-01-23,Biography,Q-664,Available
120,"History Book,Tortis",Roobbie Tortis,732750158-4,1817-05-08,History,D-975,Available
121,"Science Book,Glazer",Niccolo Glazer,289454358-1,3/3/1936,Science,E-919,Available
122,"Science Book,Gemnett",Myron Gemnett,971982857-9,2/26/1981,Science,B-548,Available
123,"History Book,Ernke",Jorie Ernke,601698493-0,4/14/1972,History,Y-260,Available
124,"Biography Book,Barnewall",Grover Barnewall,529010123-3,12/28/1958,Biography,L-588,Available
125,"Self-Help Book,Gauvain",Petra Gauvain,206545465-2,3/26/1988,Self-Help,G-220,Borrowed
126,"Poetry Book,Nassi",Sallie Nassi,498530660-6,1/9/2016,Poetry,W-317,Available
127,"History Book,Standeven",Patsy Standeven,097602667-8,11/19/1993,History,N-439,Available
128,"Science Book,Waggett",Bee Waggett,505433213-8,7/29/1965,Science,L-719,Borrowed
129,"Science Book,Gallone",Giacomo Gallone,372030800-6,1877-11-17,Science,B-745,Borrowed
130,"Science Book,Culpin",Celinka Culpin,638260710-X,1893-04-01,Science,A-251,Available
131,"Self-Help Book,Grisdale",Alford Grisdale,348155477-X,1866-01-08,Self-Help,S-347,Borrowed
132,"Science Book,Gollard",Rebecca Gollard,048329462-4,7/7/1926,Science,T-657,Borrowed
133,"History Book,Clements",Prescott Clements,257705570-6,1864-02-14,History,N-550,Available
134,"Poetry Book,Soames",Carrissa Soames,052343835-4,5/9/1944,Poetry,F-733,Borrowed
135,"Science Book,Binch",Scarface Binch,524824706-3,6/26/1918,Science,M-466,Available
136,"Self-Help Book,Whitfield",Jamill Whitfield,713208601-4,1878-05-29,Self-Help,A-460,Borrowed
137,"Biography Book,Pallaske",Evin Pallaske,553856131-3,10/8/1931,Biography,W-202,Borrowed
138,"Biography Book,Leeder",Reginauld Leeder,652772063-7,1882-02-02,Biography,R-656,Available
139,"History Book,Verner",Keven Verner,326985311-4,1823-02-21,History,A-595,Available
140,"Science Book,Brierley",Christyna Brierley,131878282-1,5/17/1955,Science,F-392,Available
141,"Science Book,Pascall",Renell Pascall,050380838-5,9/4/1904,Science,E-900,Available
142,"Poetry Book,Spurge",Ring Spurge,398668948-6,1815-12-07,Poetry,Y-783,Available
143,"Biography Book,Kelloch",Benedicto Kelloch,191122464-6,1820-07-11,Biography,G-630,Borrowed
144,"Science Book,Bolden",Christabella Bolden,203730681-4,3/27/1944,Science,W-837,Available
145,"Biography Book,Grishmanov",Robinetta Grishmanov,180438363-5,1834-07-22,Biography,Z-646,Borrowed
146,"Science Book,Skeemer",Kaela Skeemer,248099922-X,1/17/1928,Science,W-413,Available
147,"Science Book,Linge",Shurlock Linge,543998799-1,1828-07-15,Science,T-475,Available
148,"History Book,Wharton",Gabi Wharton,381393493-4,1/28/2013,History,L-519,Available
149,"History Book,Castello",Warden Castello,529038247-X,10/27/1970,History,S-599,Borrowed
150,"Self-Help Book,Paynes",Johnette Paynes,745348516-9,1/15/1916,Self-Help,I-359,Borrowed
151,"Self-Help Book,Newham",Alfie Newham,938044348-X,9/14/2014,Self-Help,U-671,Available
152,"Self-Help Book,Coarser",Eleni Coarser,301201618-X,9/14/1900,Self-Help,D-226,Borrowed
153,"History Book,Arnholdt",L;urette Arnholdt,315367605-4,12/15/1937,History,J-610,Available
154,"Science Book,Footitt",Warden Footitt,763275170-X,1848-04-18,Science,U-555,Borrowed
155,"Science Book,Glander",Janela Glander,153408850-4,9/12/2005,Science,E-465,Available
156,"History Book,McGaw",Kerrie McGaw,871998935-0,1807-03-28,History,E-120,Available
157,"Science Book,Cranny",Brent Cranny,723264285-7,7/9/1947,Science,U-100,Available
158,"History Book,Fronzek",Deloris Fronzek,158041446-X,2/2/1952,History,Z-907,Borrowed
159,"Self-Help Book,Hrachovec",Leoline Hrachovec,722171081-3,7/17/2009,Self-Help,J-640,Available
160,"History Book,De Vile",Quinta De Vile,610625593-8,1885-02-17,History,T-207,Borrowed
161,"Biography Book,Brunon",Sibley Brunon,176777916-X,9/24/1980,Biography,S-979,Borrowed
162,"Science Book,Davidovici",Branden Davidovici,705990825-0,1888-03-02,Science,Q-149,Available
163,"Poetry Book,Anwyl",Maxie Anwyl,133424610-6,3/13/1975,Poetry,A-546,Available
164,"Poetry Book,Grishukhin",Susette Grishukhin,926436400-5,1803-12-21,Poetry,K-053,Available
165,"History Book,Farrington",Maribelle Farrington,628153645-2,1810-03-31,History,I-044,Available
166,"Poetry Book,Weeds",Adolpho Weeds,725212416-9,1827-12-14,Poetry,X-124,Borrowed
167,"Science Book,Farrant",Emmalynne Farrant,295695128-9,9/2/1958,Science,X-284,Borrowed
168,"Science Book,Amber",Farr Amber,418865054-0,12/30/1995,Science,C-490,Borrowed
169,"Self-Help Book,Critchlow",Gerhardine Critchlow,497460827-4,1822-11-09,Self-Help,M-194,Available
170,"Poetry Book,Schaben",Clo Schaben,183484460-6,1896-01-06,Poetry,U-381,Available
171,"Science Book,Franey",Ferrell Franey,190816470-0,1854-07-07,Science,V-401,Available
172,"Science Book,Batter",Portia Batter,602467984-X,5/16/1912,Science,A-222,Available
173,"History Book,Coop",Mignon Coop,735421911-8,2/29/1908,History,W-991,Borrowed
174,"History Book,Petel",Reena Petel,548170880-9,4/11/1984,History,O-782,Available
175,"Biography Book,Laroux",Ofilia Laroux,578055454-4,6/19/1929,Biography,X-127,Available
176,"History Book,Jaffa",Nathaniel Jaffa,576875954-9,4/14/1974,History,F-853,Borrowed
177,"Science Book,Gercken",Hashim Gercken,647638939-4,6/29/1984,Science,G-468,Available
178,"Science Book,Poundsford",Zacharias Poundsford,411717267-0,4/4/1990,Science,I-470,Available
179,"Poetry Book,Corson",Victoria Corson,237814396-6,8/10/1918,Poetry,K-608,Available
180,"Science Book,Mollindinia",Glynn Mollindinia,798499155-3,8/10/1942,Science,B-129,Available
181,"History Book,Monteith",Torre Monteith,990319281-9,5/20/1944,History,P-928,Available
182,"Science Book,Stienton",Nelie Stienton,880463605-X,11/11/1966,Science,K-506,Available
183,"History Book,Adlington",Cordy Adlington,888225308-2,6/29/2017,History,L-253,Available
184,"Science Book,Chalk",Charissa Chalk,182552661-3,1871-03-28,Science,I-337,Available
185,"Science Book,Joynes",Sarette Joynes,561435252-X,1897-01-19,Science,B-131,Available
186,"History Book,Dunton",Agatha Dunton,137180017-0,3/6/1944,History,T-064,Available
187,"Self-Help Book,O'Luby",Janella O'Luby,040188239-X,12/7/2004,Self-Help,A-619,Available
188,"Science Book,Statersfield",Ricard Statersfield,097387454-6,3/11/1918,Science,G-806,Borrowed
189,"Biography Book,Langan",Faina Langan,867325567-8,1889-04-26,Biography,Q-917,Borrowed
190,"Biography Book,Kleingrub",Dall Kleingrub,526801495-1,6/11/1915,Biography,S-193,Available
191,"Poetry Book,O'Rourke",Shay O'Rourke,864311700-5,2/12/1916,Poetry,J-799,Available
192,"History Book,Vedyaev",Janey Vedyaev,801241573-9,8/4/1963,History,M-558,Borrowed
193,"Self-Help Book,Sandell",Stanwood Sandell,537890863-9,3/22/1950,Self-Help,S-204,Available
194,"Science Book,Keneford",Lek Keneford,545579204-0,1804-09-09,Science,W-890,Available
195,"Science Book,Eaton",Husein Eaton,249043602-3,5/30/1964,Science,V-998,Borrowed
196,"Science Book,Aspole",Virgil Aspole,939281033-4,1804-03-30,Science,T-893,Available
197,"History Book,Risebrow",Doralyn Risebrow,413935844-0,11/10/1928,History,N-764,Borrowed
198,"Poetry Book,Cobbledick",Kellen Cobbledick,131341537-5,12/8/1969,Poetry,P-938,Borrowed
199,"Biography Book,Proppers",Darrelle Proppers,676118941-1,1874-12-30,Biography,M-364,Borrowed
200,"Self-Help Book,Peachey",Milty Peachey,837857412-1,1837-08-04,Self-Help,F-127,Available
201,"Self-Help Book,Riggulsford",Alidia Riggulsford,372958314-X,5/2/1908,Self-Help,M-048,Borrowed
202,"Science Book,Tunmore",Doyle Tunmore,861560940-3,8/5/1945,Science,D-272,Available
203,"Science Book,Gravet",Eleni Gravet,155869079-4,1892-05-11,Science,C-943,Available
204,"History Book,Worsnup",Beauregard Worsnup,118184046-5,1/21/1946,History,F-573,Borrowed
205,"Poetry Book,Mensler",Vida Mensler,166089543-X,12/21/1975,Poetry,A-416,Available
206,"Poetry Book,Chislett",Evanne Chislett,055029016-8,8/4/2001,Poetry,P-518,Available
207,"History Book,Trimmill",Jarred Trimmill,968157257-2,5/13/2012,History,B-204,Borrowed
208,"Biography Book,Tarn",Nicol Tarn,428933145-9,1803-04-04,Biography,D-501,Available
209,"Science Book,Yukhtin",Crichton Yukhtin,751838700-X,5/24/2005,Science,K-937,Borrowed
210,"Poetry Book,Beazleigh",Brianna Beazleigh,791217126-6,4/18/1915,Poetry,Y-887,Available
211,"Science Book,Remer",Stanton Remer,113644866-7,1828-04-30,Science,T-806,Borrowed
212,"Science Book,Binnion",Lindy Binnion,348438582-0,12/4/1995,Science,T-962,Available
213,"History Book,Bidewel",Jaime Bidewel,062512093-0,1/21/1995,History,Q-348,Available
214,"History Book,Agnew",Conny Agnew,299253589-3,1857-06-10,History,U-984,Available
215,"Poetry Book,Biaggioni",Eli Biaggioni,499059470-3,1829-08-02,Poetry,U-044,Available
216,"Poetry Book,Livezley",Ekaterina Livezley,985739892-8,1824-08-16,Poetry,F-843,Available
217,"Science Book,McKinnell",Chloris McKinnell,188530491-9,2/7/2006,Science,P-300,Borrowed
218,"Poetry Book,Treharne",Augusta Treharne,313207722-4,1824-04-14,Poetry,S-356,Available
219,"Self-Help Book,Golling",Ryun Golling,508518414-9,1873-01-09,Self-Help,J-708,Available
220,"Science Book,Rasmus",Cassie Rasmus,899083429-5,10/5/1965,Science,M-069,Available
221,"Self-Help Book,Parish",Cristine Parish,114477969-3,2/12/2014,Self-Help,I-619,Borrowed
222,"Science Book,Spino",Kendricks Spino,878042174-1,1/24/1995,Science,I-670,Available
223,"Science Book,Nelligan",Henry Nelligan,744312744-8,1809-03-05,Science,K-253,Borrowed
224,"Biography Book,Boulden",Gasparo Boulden,653213954-8,1/4/1953,Biography,Z-077,Borrowed
225,"Self-Help Book,Ximenez",Neddie Ximenez,454127808-1,3/11/2005,Self-Help,H-989,Available
226,"Science Book,Chippindale",Malory Chippindale,235245967-2,3/1/1961,Science,J-514,Available
227,"Science Book,Gonet",Weider Gonet,637927494-4,1829-06-29,Science,T-964,Borrowed
228,"Science Book,Rainville",Amabelle Rainville,579924518-0,1835-10-30,Science,E-719,Borrowed
229,"History Book,Guyonnet",Gayelord Guyonnet,132837896-9,1/16/1941,History,P-549,Borrowed
230,"Poetry Book,Tayspell",Austin Tayspell,185173580-1,1831-03-28,Poetry,A-834,Borrowed
231,"Biography Book,Geddes",Anestassia Geddes,966723641-2,10/7/1913,Biography,O-330,Available
232,"Self-Help Book,Earry",Rachele Earry,613399300-6,1852-03-06,Self-Help,T-150,Borrowed
233,"Poetry Book,Camplin",Spence Camplin,406697190-3,1820-04-24,Poetry,F-451,Borrowed
234,"History Book,Matussevich",Newton Matussevich,908677278-1,5/27/2009,History,U-624,Available
235,"Science Book,Sabatini",Quinta Sabatini,730941459-4,12/6/1981,Science,N-424,Available
236,"History Book,Etchell",Dominica Etchell,303968729-8,3/21/1973,History,V-517,Borrowed
237,"History Book,Brightey",Wandis Brightey,567843006-8,1800-02-18,History,S-925,Available
238,"History Book,Pellington",Franz Pellington,740805102-3,3/5/1970,History,E-899,Borrowed
239,"Science Book,Roundtree",Auberta Roundtree,213764971-3,4/28/1973,Science,O-012,Borrowed
240,"Biography Book,Stave",Nollie Stave,768736002-8,7/15/1935,Biography,Z-603,Borrowed
241,"Biography Book,Jurgensen",Neille Jurgensen,357678233-8,1874-12-06,Biography,A-472,Available
242,"History Book,Shadbolt",Carlen Shadbolt,178404198-X,6/3/1995,History,Z-389,Available
243,"Biography Book,Richardt",Christian Richardt,720556447-6,1811-06-14,Biography,B-762,Available
244,"Self-Help Book,Dobbins",Redford Dobbins,975844572-3,2/22/1916,Self-Help,G-448,Available
245,"Science Book,Swanger",Genevra Swanger,088200326-7,4/20/1982,Science,D-032,Available
246,"Science Book,Border",Rhea Border,792981130-1,12/16/2002,Science,M-163,Borrowed
247,"Science Book,Wychard",Karlotta Wychard,284392917-2,12/7/1999,Science,I-724,Available
248,"Poetry Book,Rolf",Herve Rolf,903923051-X,10/19/2008,Poetry,W-084,Borrowed
249,"Science Book,Elfitt",Darya Elfitt,290996967-3,1849-02-09,Science,Q-865,Available
250,"Biography Book,Dubbin",Dedra Dubbin,361652707-4,10/3/1962,Biography,K-128,Available
251,"Self-Help Book,Edgerley",Basia Edgerley,143697027-X,9/26/1960,Self-Help,H-201,Borrowed
252,"Science Book,Sheal",Nicolina Sheal,115953199-4,12/25/1911,Science,G-915,Borrowed
253,"Science Book,Bartlam",Farah Bartlam,294614100-4,11/24/1944,Science,K-772,Available
254,"Science Book,Grimwood",Micheal Grimwood,234935269-2,1885-01-08,Science,W-362,Available
255,"History Book,Crickett",Jewel Crickett,916851294-5,6/15/2017,History,Z-931,Available
256,"Poetry Book,Lydiatt",Doralynne Lydiatt,018917437-4,3/10/1920,Poetry,Y-942,Available
257,"Biography Book,Cowburn",Arnuad Cowburn,204869957-X,2/19/1940,Biography,H-300,Borrowed
258,"Self-Help Book,Blewmen",Celene Blewmen,438903874-5,5/28/1935,Self-Help,Q-923,Available
259,"History Book,Brandrick",Carmon Brandrick,322099517-9,3/12/1950,History,F-429,Borrowed
260,"Science Book,Cayzer",Brenden Cayzer,027624750-7,1846-10-25,Science,P-720,Borrowed
261,"Science Book,Barnwill",Marve Barnwill,102837080-6,1867-06-11,Science,G-742,Available
262,"History Book,Normanville",Misty Normanville,186037360-7,12/10/1972,History,J-505,Borrowed
263,"History Book,Aynsley",Rahal Aynsley,016233985-2,1822-09-22,History,Z-534,Borrowed
264,"History Book,Dislee",Heall Dislee,653564416-2,11/5/1926,History,F-537,Available
265,"Science Book,Biesterfeld",Jordan Biesterfeld,181799098-5,2/22/1924,Science,Y-528,Available
266,"Science Book,D'Adda",Lyn D'Adda,938008834-5,10/25/1956,Science,R-123,Borrowed
267,"History Book,Staples",Brandy Staples,691111329-6,5/25/1934,History,Y-755,Available
268,"Science Book,Brealey",Pier Brealey,835288049-7,1807-04-05,Science,J-405,Borrowed
269,"Self-Help Book,Keeri",Alwin Keeri,362785037-8,3/25/1965,Self-Help,G-746,Available
270,"Science Book,Moylan",Vinnie Moylan,886192221-X,1813-04-28,Science,E-057,Borrowed
271,"Science Book,Guye",Elena Guye,840720712-8,1/25/2020,Science,G-764,Borrowed
272,"Self-Help Book,Gunby",Lanny Gunby,344934038-7,1856-07-17,Self-Help,B-453,Borrowed
273,"Science Book,Cullabine",Deeann Cullabine,173492800-X,1878-04-04,Science,O-625,Available
274,"Science Book,Tother",Raimondo Tother,682040875-7,1871-01-08,Science,E-660,Borrowed
275,"Science Book,Jarratt",Seward Jarratt,427781573-1,1886-06-19,Science,Y-319,Borrowed
276,"History Book,Scafe",Delmer Scafe,800929661-9,1806-09-23,History,E-491,Available
277,"Poetry Book,Gentiry",Alexandra Gentiry,733000878-8,1841-07-07,Poetry,A-931,Available
278,"Biography Book,Cunney",Reta Cunney,536569049-4,1800-04-01,Biography,J-463,Borrowed
279,"Self-Help Book,Boost",Teena Boost,228070262-2,1840-03-22,Self-Help,V-526,Available
280,"History Book,Jouanet",Amelia Jouanet,408339694-6,12/16/1948,History,I-004,Borrowed
281,"Science Book,Bullivant",Yetta Bullivant,090941619-2,12/10/1968,Science,N-602,Available
282,"History Book,Dockreay",Barbie Dockreay,593710107-3,10/14/1940,History,I-359,Available
283,"Biography Book,Brewerton",Lynn Brewerton,060770997-9,12/4/2005,Biography,H-301,Available
284,"History Book,Pigdon",Lida Pigdon,088271444-9,3/27/1940,History,O-950,Available
285,"Science Book,Goodere",Breena Goodere,756100501-6,7/24/1960,Science,A-516,Borrowed
286,"History Book,Abramski",Herschel Abramski,872868040-5,8/14/1974,History,J-747,Available
287,"History Book,Padrick",Aimee Padrick,862460958-5,1859-10-12,History,T-108,Borrowed
288,"Biography Book,Garrelts",Berke Garrelts,096894477-9,1836-01-24,Biography,P-588,Borrowed
289,"History Book,Ilyukhov",Vaughan Ilyukhov,065529209-8,11/14/1906,History,E-542,Borrowed
290,"History Book,McGinn",Batholomew McGinn,465620982-1,2/7/1938,History,K-918,Available
291,"Science Book,Massen",Gwenette Massen,113782470-0,3/9/2018,Science,I-406,Available
292,"Science Book,Beddis",Marcie Beddis,512450909-0,1810-04-27,Science,W-311,Borrowed
293,"Science Book,Salt",Nessy Salt,948460176-6,7/28/1967,Science,J-059,Available
294,"History Book,Dyzart",Albertina Dyzart,527219567-1,11/3/1970,History,D-947,Available
295,"History Book,Cridlan",Garwin Cridlan,275505913-3,6/23/1919,History,V-992,Borrowed
296,"Poetry Book,Redgewell",Udale Redgewell,323095662-1,1865-05-01,Poetry,F-794,Borrowed
297,"Science Book,Bridgett",Marcelia Bridgett,060160862-3,9/28/1976,Science,J-854,Available
298,"History Book,Lafee",Ardyth Lafee,324800718-4,1867-01-15,History,V-164,Borrowed
299,"Poetry Book,Sherebrooke",Jerrilee Sherebrooke,075527227-7,11/22/1966,Poetry,V-296,Borrowed
300,"History Book,Wildgoose",Lothaire Wildgoose,489791799-9,1843-04-18,History,A-231,Borrowed
301,"Self-Help Book,Kiledal",Lucien Kiledal,227200240-4,12/18/1964,Self-Help,Y-236,Available
302,"Science Book,Marishenko",Corri Marishenko,063991024-6,1802-03-07,Science,K-489,Borrowed
303,"Poetry Book,Bareford",Birgitta Bareford,955532114-0,7/10/1990,Poetry,S-857,Available
304,"Biography Book,Josifovitz",Ekaterina Josifovitz,912719188-5,1802-03-29,Biography,G-765,Available
305,"Science Book,Stuchberry",Mendel Stuchberry,719200812-5,8/2/2014,Science,D-627,Available
306,"History Book,Maven",Sam Maven,438178571-1,3/11/1929,History,C-809,Available
307,"Science Book,Do",Philis Do,987060895-7,11/19/1926,Science,C-791,Borrowed
308,"Biography Book,Ciobutaro",Bryon Ciobutaro,335161064-5,6/3/1943,Biography,D-747,Available
309,"Science Book,Houndsom",Bengt Houndsom,226490613-8,8/31/1914,Science,G-146,Borrowed
310,"Self-Help Book,Taillant",Giacobo Taillant,532570176-2,5/27/1933,Self-Help,D-981,Borrowed
311,"History Book,Thomlinson",Cornie Thomlinson,909328897-0,1830-01-28,History,D-199,Borrowed
312,"Science Book,Phillis",Klara Phillis,161558917-1,10/2/1911,Science,X-254,Borrowed
313,"Poetry Book,Daughton",Granthem Daughton,068320370-3,5/8/1931,Poetry,Z-489,Available
314,"Science Book,Duddy",Kynthia Duddy,985798076-7,3/11/1988,Science,Q-188,Borrowed
315,"Science Book,Yourell",Cristina Yourell,511948222-8,1849-05-27,Science,P-371,Borrowed
316,"Science Book,Kreber",Dollie Kreber,985015205-2,9/3/2009,Science,T-608,Borrowed
317,"Science Book,Ogbourne",Carmine Ogbourne,214672193-6,4/28/1910,Science,P-971,Borrowed
318,"Science Book,Thorbon",Evelyn Thorbon,638565027-8,1874-04-24,Science,A-593,Borrowed
319,"History Book,Kittle",Andromache Kittle,269407267-4,1835-06-23,History,J-681,Borrowed
320,"Science Book,McElrea",Jess McElrea,172168496-4,7/3/1929,Science,E-660,Borrowed
321,"Biography Book,McGarrell",Asia McGarrell,018866672-9,4/4/1997,Biography,N-245,Borrowed
322,"Biography Book,Wyldbore",Malchy Wyldbore,427694768-5,9/17/1911,Biography,W-835,Available
323,"Science Book,Issacson",Becca Issacson,499037271-9,1830-08-03,Science,K-590,Available
324,"History Book,Jepp",Agnesse Jepp,123559663-X,1882-03-31,History,E-471,Borrowed
325,"History Book,Mangeney",Jerry Mangeney,554477856-6,1813-04-29,History,P-850,Borrowed
326,"History Book,Arrault",Jerrilyn Arrault,159054946-5,3/17/1941,History,H-073,Available
327,"Poetry Book,Rudgerd",Karlotte Rudgerd,244329960-0,10/30/2015,Poetry,G-199,Borrowed
328,"Science Book,Seedhouse",Oby Seedhouse,763210311-2,6/29/1996,Science,R-350,Available
329,"Science Book,Nutten",Read Nutten,596084886-4,7/26/1901,Science,E-923,Available
330,"History Book,Zelland",Lodovico Zelland,945834062-4,1820-06-05,History,L-390,Available
331,"Biography Book,Jedrzejewsky",Blanche Jedrzejewsky,935585015-8,9/23/2018,Biography,R-889,Borrowed
332,"History Book,Wroughton",Ambrose Wroughton,802028626-8,8/5/1984,History,R-689,Borrowed
333,"History Book,Dallinder",Maddalena Dallinder,251320383-6,7/12/1914,History,T-413,Borrowed
334,"History Book,Seaward",Shepperd Seaward,350984412-2,4/24/1975,History,L-391,Available
335,"History Book,Gerger",Oran Gerger,683287071-X,1/14/1955,History,M-307,Available
336,"Science Book,Horsefield",Rene Horsefield,879250381-0,8/18/1910,Science,S-263,Borrowed
337,"Science Book,Galbreth",Coretta Galbreth,650778665-9,10/30/1935,Science,Q-739,Borrowed
338,"Science Book,Allix",Graehme Allix,447159544-X,6/13/1979,Science,A-199,Available
339,"Biography Book,Karlqvist",Lita Karlqvist,804001895-1,1856-02-01,Biography,H-758,Available
340,"History Book,Getty",Sollie Getty,544060564-9,1817-10-18,History,B-296,Borrowed
341,"Science Book,Gaskal",Humberto Gaskal,827409517-0,3/30/2006,Science,Z-199,Available
342,"Poetry Book,Andriveaux",Vincent Andriveaux,072270098-9,1836-03-11,Poetry,G-222,Available
343,"Science Book,Biswell",Lars Biswell,142572740-9,11/20/1963,Science,N-278,Available
344,"Science Book,Daughtrey",Florinda Daughtrey,995107885-0,1855-08-14,Science,T-989,Available
345,"Biography Book,Baird",Chancey Baird,078054661-X,7/8/2014,Biography,D-888,Available
346,"History Book,Creenan",Rudyard Creenan,256840474-4,1851-10-13,History,S-026,Borrowed
347,"History Book,Simonetti",Lefty Simonetti,535540432-4,1865-05-13,History,G-637,Borrowed
348,"History Book,Inott",Ravi Inott,387607252-2,1840-08-24,History,U-130,Borrowed
349,"Science Book,Simonyi",Brigg Simonyi,980952452-8,1849-07-25,Science,E-167,Available
350,"Science Book,Janacek",Curtice Janacek,644626000-8,9/12/1975,Science,E-546,Borrowed
351,"Science Book,Mulder",Darill Mulder,061280085-7,3/16/2010,Science,B-458,Borrowed
352,"History Book,Folomin",Hubie Folomin,518242461-2,1884-02-24,History,B-640,Borrowed
353,"Biography Book,Symcoxe",Trenna Symcoxe,425242741-X,6/6/1986,Biography,B-086,Available
354,"History Book,Nias",Adelind Nias,773299457-4,1890-03-25,History,J-909,Borrowed
355,"Poetry Book,Witcher",Rriocard Witcher,816093561-7,1861-11-23,Poetry,B-765,Available
356,"History Book,Lethem",Lurlene Lethem,112031914-5,6/10/2012,History,X-023,Borrowed
357,"Science Book,Calam",Bryana Calam,062283700-1,12/30/1951,Science,S-162,Available
358,"Science Book,Elwell",Roy Elwell,165417339-8,9/19/2008,Science,J-487,Available
359,"Poetry Book,Bolt",Ebony Bolt,418039120-1,11/5/1977,Poetry,K-243,Available
360,"Science Book,Jakaway",Brodie Jakaway,967004674-2,1849-01-29,Science,K-643,Borrowed
361,"Poetry Book,McUre",Tabbie McUre,840330506-0,7/11/1927,Poetry,D-052,Available
362,"Science Book,Mawman",Gusta Mawman,746604184-1,2/22/1944,Science,M-207,Available
363,"History Book,Brimilcombe",Andros Brimilcombe,929283162-3,9/17/1910,History,K-856,Available
364,"Science Book,Killigrew",Marissa Killigrew,007610596-2,1855-05-13,Science,C-792,Available
365,"History Book,Fidell",Susanetta Fidell,432591390-4,11/18/1938,History,M-356,Borrowed
366,"History Book,Klageman",Joelynn Klageman,435050872-4,1811-10-05,History,B-493,Available
367,"Poetry Book,Kitcher",Stoddard Kitcher,786321024-0,6/16/1904,Poetry,D-959,Borrowed
368,"History Book,Patterfield",Phineas Patterfield,930695000-4,9/27/1978,History,Q-158,Available
369,"Science Book,Brydson",Efrem Brydson,606152441-2,1882-09-28,Science,N-111,Available
370,"Self-Help Book,Harflete",Lucille Harflete,596270811-3,8/6/1938,Self-Help,S-635,Available
371,"Self-Help Book,Barette",Adolph Barette,562137610-2,9/27/1993,Self-Help,T-024,Borrowed
372,"Biography Book,Feyer",Cissiee Feyer,090180637-4,1861-01-24,Biography,J-716,Borrowed
373,"Biography Book,Yeiles",Hendrick Yeiles,772213826-8,5/21/1994,Biography,L-332,Borrowed
374,"Science Book,Lidster",Gualterio Lidster,258830560-1,1897-03-07,Science,Y-067,Available
375,"Biography Book,Longbothom",Toby Longbothom,593909197-0,8/30/1961,Biography,M-929,Borrowed
376,"Science Book,Le Brum",Seka Le Brum,045883636-2,1833-10-22,Science,R-683,Borrowed
377,"History Book,Caughan",Welsh Caughan,462647236-2,1/20/2012,History,N-214,Available
378,"History Book,Strauss",Zita Strauss,890116719-0,1836-05-10,History,R-498,Available
379,"Science Book,MacParlan",Leslie MacParlan,937087518-2,11/2/1931,Science,J-632,Available
380,"Science Book,Standeven",Amelita Standeven,688998570-2,1826-03-14,Science,F-616,Borrowed
381,"Science Book,Pinnijar",Georgetta Pinnijar,591712441-8,4/6/1917,Science,S-414,Available
382,"History Book,Attridge",Maggie Attridge,008912484-7,4/3/1984,History,T-806,Borrowed
383,"Science Book,Padden",Sorcha Padden,650573814-2,5/14/1966,Science,V-391,Borrowed
384,"Poetry Book,McKernan",Reube McKernan,165978742-4,12/15/1955,Poetry,W-161,Available
385,"Science Book,Hug",Brandyn Hug,010798753-8,1832-03-22,Science,K-051,Borrowed
386,"History Book,Stang-Gjertsen",Ainslie Stang-Gjertsen,359949111-9,11/22/1950,History,I-745,Available
387,"Science Book,McCrea",Bryna McCrea,563130236-5,1827-03-19,Science,F-382,Borrowed
388,"History Book,O'Kinneally",Cris O'Kinneally,767230809-2,1899-11-25,History,S-657,Borrowed
389,"Poetry Book,Duferie",Page Duferie,503898628-5,1859-04-03,Poetry,Y-565,Available
390,"History Book,Di Ruggiero",Cicily Di Ruggiero,337655983-X,1881-01-27,History,J-265,Borrowed
391,"Science Book,Farrent",Rocky Farrent,885796316-0,1885-04-22,Science,W-541,Borrowed
392,"Science Book,Ingarfield",Stanfield Ingarfield,685066926-5,1837-10-19,Science,N-039,Borrowed
393,"Self-Help Book,Smith",Hermione Smith,794714974-7,6/1/1986,Self-Help,Q-077,Borrowed
394,"Science Book,Antoney",Stace Antoney,761961292-0,6/5/1908,Science,T-406,Available
395,"Science Book,Nesbit",Tommy Nesbit,100422240-8,3/17/1977,Science,B-283,Borrowed
396,"Biography Book,Briscow",Odey Briscow,465679730-8,12/8/1989,Biography,U-511,Available
397,"Science Book,Barlas",Marice Barlas,027913788-5,1837-01-22,Science,V-446,Borrowed
398,"Science Book,Scholte",Saleem Scholte,065341860-4,2/24/1954,Science,T-483,Borrowed
399,"History Book,Pilmore",Hillary Pilmore,455810158-9,8/17/1901,History,Q-408,Available
400,"Poetry Book,Langridge",Amalia Langridge,445502026-8,1/8/1944,Poetry,X-284,Borrowed
401,"History Book,Topes",Dusty Topes,716280010-6,1884-08-07,History,M-546,Borrowed
402,"Biography Book,Samwayes",Connie Samwayes,969050853-9,9/5/1925,Biography,O-938,Borrowed
403,"Science Book,Almeida",Hamid Almeida,356816065-X,1841-04-07,Science,Y-123,Borrowed
404,"Poetry Book,Malafe",Cherrita Malafe,344549895-4,1829-11-23,Poetry,Q-901,Borrowed
405,"History Book,Hamshere",Heddie Hamshere,791743238-6,1820-06-01,History,P-001,Available
406,"Poetry Book,Arnopp",Farah Arnopp,375264665-9,6/21/1995,Poetry,V-892,Borrowed
407,"History Book,Jilliss",Alta Jilliss,115514625-5,1889-07-07,History,K-602,Available
408,"Science Book,Fancutt",Latisha Fancutt,588287764-4,1870-07-01,Science,M-192,Available
409,"Poetry Book,Durman",Sissy Durman,405347924-X,1861-06-05,Poetry,U-154,Borrowed
410,"Science Book,Slade",Elwin Slade,988668230-2,1869-03-23,Science,R-804,Available
411,"History Book,Gatus",Gwenora Gatus,159145576-6,1822-03-15,History,F-617,Available
412,"Science Book,Hunnicot",Agatha Hunnicot,488771014-3,1896-11-03,Science,G-034,Available
413,"Science Book,Attwool",Nahum Attwool,678235785-2,1868-10-23,Science,E-708,Available
414,"Science Book,Carradice",Gilberta Carradice,189685299-8,11/23/1961,Science,Q-012,Available
415,"History Book,Drable",Gerladina Drable,232039091-X,1826-02-13,History,L-315,Borrowed
416,"History Book,Oakton",Sanders Oakton,345491855-3,10/12/1922,History,C-676,Borrowed
417,"History Book,Yarrington",Lyle Yarrington,571503563-5,12/12/1924,History,E-801,Borrowed
418,"Science Book,Binding",Fletcher Binding,819645508-9,7/7/1934,Science,M-621,Available
419,"Science Book,Simmen",Steve Simmen,666434620-6,1853-09-20,Science,V-263,Available
420,"Science Book,Sutlieff",Torrey Sutlieff,975033971-1,9/8/2022,Science,J-446,Available
421,"History Book,Feronet",Shermie Feronet,338467355-7,1893-08-16,History,R-168,Available
422,"Science Book,Cowndley",Amandy Cowndley,491941152-9,1866-05-13,Science,O-043,Available
423,"Biography Book,Piner",Fredra Piner,170301943-1,1855-11-30,Biography,Q-548,Available
424,"Science Book,Mountjoy",Heinrik Mountjoy,495492737-4,5/21/1900,Science,H-851,Borrowed
425,"Biography Book,Thrift",Lynn Thrift,030178593-7,1878-11-27,Biography,U-564,Available
426,"Science Book,Gramer",Craig Gramer,593900264-1,4/14/1972,Science,B-010,Borrowed
427,"Science Book,Scogin",Lotti Scogin,172564242-5,9/16/1930,Science,H-624,Available
428,"History Book,Bamb",Frazier Bamb,024749769-X,1857-04-07,History,V-860,Borrowed
429,"Science Book,Presdee",Ward Presdee,904333348-4,1822-02-04,Science,E-833,Borrowed
430,"Science Book,Meehan",Rhonda Meehan,166651523-X,1835-09-03,Science,F-696,Borrowed
431,"Science Book,Sclater",Frank Sclater,727602873-9,7/8/1942,Science,Z-411,Available
432,"History Book,Townsend",Kele Townsend,875695628-2,11/16/2022,History,B-056,Borrowed
433,"Science Book,Muggleton",Art Muggleton,072169351-2,4/17/1935,Science,Y-462,Available
434,"Science Book,Yegorkov",Lidia Yegorkov,272012527-X,1875-04-11,Science,L-678,Available
435,"Poetry Book,Potter",Arda Potter,676014956-4,1866-01-21,Poetry,P-677,Borrowed
436,"Biography Book,Rusted",Simeon Rusted,825464294-X,9/17/1936,Biography,G-172,Available
437,"Science Book,Reuther",Pearle Reuther,942708992-X,2/11/1946,Science,N-246,Available
438,"Science Book,Gadaud",Dolley Gadaud,348602187-7,1890-12-10,Science,U-108,Available
439,"Science Book,Turmall",Ardenia Turmall,301605139-7,3/1/1959,Science,P-015,Borrowed
440,"Self-Help Book,Fewtrell",Linea Fewtrell,977234431-9,12/3/1911,Self-Help,J-086,Available
441,"Science Book,Byrch",Nevsa Byrch,873594116-2,1874-10-09,Science,O-600,Available
442,"Poetry Book,Gooderidge",Carine Gooderidge,184814493-8,11/30/1957,Poetry,Z-359,Available
443,"Science Book,Eshmade",Hieronymus Eshmade,886471183-X,11/22/1957,Science,P-306,Borrowed
444,"Science Book,Pepi",Lowrance Pepi,553448365-2,1870-10-19,Science,L-192,Available
445,"Science Book,Heugh",Mandi Heugh,429948918-7,3/12/1928,Science,M-992,Available
446,"Science Book,Goor",Alyce Goor,267463905-9,5/25/1961,Science,O-703,Available
447,"History Book,Greensall",Brook Greensall,574511755-9,3/11/1939,History,Z-540,Available
448,"Science Book,Fermor",Ninette Fermor,916577599-6,1852-08-18,Science,H-418,Borrowed
449,"Science Book,Murcutt",Johna Murcutt,247762623-X,5/22/1953,Science,M-903,Available
450,"Biography Book,Outram",Catina Outram,942320758-8,1850-04-24,Biography,C-546,Available
451,"Biography Book,Sheraton",Emmi Sheraton,529178174-2,12/7/2011,Biography,F-207,Available
452,"Science Book,Galliard",Mandel Galliard,394100457-3,1874-01-20,Science,F-365,Available
453,"Science Book,Cloonan",Tucker Cloonan,829413111-3,3/23/2008,Science,S-176,Available
454,"Science Book,Ranklin",Filberto Ranklin,784472165-0,8/23/1925,Science,D-665,Borrowed
455,"Science Book,Dankov",Fanechka Dankov,022685277-6,2/9/2021,Science,B-914,Available
456,"History Book,Praten",Hercules Praten,228398024-0,11/16/1906,History,B-202,Borrowed
457,"Poetry Book,Schankelborg",Ediva Schankelborg,218419584-7,1/31/1989,Poetry,X-137,Available
458,"Biography Book,Kabisch",Danila Kabisch,972188571-1,1870-06-04,Biography,A-666,Available
459,"Science Book,Geldart",Lincoln Geldart,545011604-7,1866-04-24,Science,L-259,Available
460,"Self-Help Book,Shilling",Lauri Shilling,196569168-4,1891-04-09,Self-Help,A-084,Available
461,"History Book,Towlson",Tybie Towlson,593844869-7,8/12/1962,History,B-059,Available
462,"Science Book,Taillard",Karol Taillard,291803416-9,1856-05-25,Science,M-745,Borrowed
463,"Science Book,Shilstone",Charisse Shilstone,661549096-X,7/14/1961,Science,J-366,Available
464,"Science Book,Skelhorn",Matthiew Skelhorn,963044915-3,9/25/1988,Science,D-452,Available
465,"Science Book,Ungerecht",Vanna Ungerecht,346619375-3,12/30/1935,Science,N-036,Available
466,"History Book,Buzin",Erinn Buzin,611700459-1,1835-09-02,History,A-562,Available
467,"Science Book,Rieger",Sauncho Rieger,743949600-0,1841-06-12,Science,M-719,Available
468,"History Book,Grossier",Korey Grossier,361294994-2,10/26/1929,History,M-510,Available
469,"Self-Help Book,Bradly",Vassili Bradly,060658827-2,9/12/2002,Self-Help,P-529,Available
470,"History Book,Cesaric",Justine Cesaric,003917002-0,1884-11-02,History,R-503,Available
471,"History Book,Morcom",Tremaine Morcom,769956622-X,1814-11-28,History,Z-697,Borrowed
472,"Science Book,Aizikov",Linus Aizikov,473171412-5,1804-07-11,Science,A-250,Borrowed
473,"History Book,Parris",Chelsae Parris,432932897-6,1856-11-01,History,C-721,Borrowed
474,"Science Book,Rock",Jaquelyn Rock,117058555-8,1807-06-18,Science,E-949,Available
475,"Science Book,Dottrell",Greggory Dottrell,749918076-X,4/17/1950,Science,B-802,Borrowed
476,"Poetry Book,Faithorn",Bobinette Faithorn,364002153-3,1848-06-24,Poetry,F-093,Borrowed
477,"History Book,Dyke",Teodoor Dyke,744661820-5,11/10/1976,History,U-021,Borrowed
478,"Poetry Book,Fetherstan",Ainslie Fetherstan,881261729-8,1857-02-20,Poetry,W-250,Available
479,"Science Book,Tamlett",Laure Tamlett,959833538-0,5/30/1933,Science,M-049,Available
480,"History Book,Petrussi",Emery Petrussi,473155557-4,5/27/2017,History,T-584,Available
481,"Biography Book,Swenson",Lois Swenson,368309442-7,7/7/2013,Biography,U-775,Available
482,"History Book,Rankcom",Jessamine Rankcom,393032790-2,1884-10-04,History,H-163,Available
483,"Poetry Book,Gauche",Karna Gauche,886600070-1,1857-11-21,Poetry,C-367,Borrowed
484,"History Book,Gethins",Arnold Gethins,696382425-8,1830-05-07,History,A-274,Available
485,"History Book,Balazs",Raimondo Balazs,619920211-2,10/5/2018,History,R-013,Available
486,"Science Book,Kilroy",Rora Kilroy,253595388-9,1832-07-09,Science,H-779,Available
487,"Poetry Book,Guesford",Ginelle Guesford,929059631-7,5/26/1927,Poetry,R-286,Borrowed
488,"Biography Book,Chretien",Roxi Chretien,481591978-X,1891-09-19,Biography,R-554,Available
489,"History Book,Hartright",Rowney Hartright,936958281-9,1849-03-31,History,K-219,Available
490,"Biography Book,Eveling",Kenon Eveling,926166761-9,7/29/1957,Biography,G-517,Available
491,"Poetry Book,Esmonde",Jonathan Esmonde,773775860-7,1/14/1937,Poetry,R-862,Available
492,"Poetry Book,Cobello",Albert Cobello,953808215-X,7/10/1969,Poetry,S-503,Available
493,"History Book,Guly",Rockie Guly,812504194-X,9/10/1997,History,P-357,Available
494,"Science Book,Swainston",Klement Swainston,173025722-4,11/20/2013,Science,W-118,Available
495,"Poetry Book,Lethardy",Judas Lethardy,977418699-0,7/13/1902,Poetry,V-084,Available
496,"Science Book,Boyack",Smitty Boyack,095926371-3,4/14/1946,Science,S-113,Available
497,"Poetry Book,Gounet",Maxy Gounet,700639001-X,8/14/1908,Poetry,R-368,Available
498,"Poetry Book,Menico",Lauren Menico,523084618-6,4/6/1963,Poetry,B-824,Borrowed
499,"History Book,Gosz",Jammie Gosz,498588225-9,5/7/1985,History,T-428,Available
500,"History Book,Ellaman",Dare Ellaman,741650328-0,1855-04-13,History,W-269,Borrowed
501,"Poetry Book,Kyd",Carena Kyd,542112884-9,1859-04-13,Poetry,A-251,Available
502,"Science Book,Dumbar",Dewie Dumbar,596184481-1,8/27/1957,Science,V-021,Borrowed
503,"History Book,Bannell",Dylan Bannell,813229685-0,9/8/1950,History,Q-634,Borrowed
504,"Science Book,Opdenort",Elsie Opdenort,847842392-3,1885-09-01,Science,J-303,Borrowed
505,"History Book,McMonnies",Evangelia McMonnies,468458385-6,1870-12-08,History,Z-070,Available
506,"History Book,Drewson",Antonin Drewson,955893776-2,1826-07-19,History,K-703,Borrowed
507,"Poetry Book,Silburn",Robinia Silburn,464111753-5,10/15/1928,Poetry,D-806,Available
508,"Biography Book,Dellatorre",Lela Dellatorre,573298368-6,1860-01-28,Biography,U-979,Borrowed
509,"Poetry Book,Hatcher",Burnaby Hatcher,958965498-3,1846-04-19,Poetry,R-418,Available
510,"History Book,Mendonca",Margalit Mendonca,748286070-3,1/5/2019,History,O-671,Available
511,"History Book,Deek",Antonietta Deek,006215025-1,9/24/1986,History,I-986,Borrowed
512,"History Book,Dunsmore",Inglis Dunsmore,929585234-6,1881-10-04,History,H-135,Available
513,"Science Book,Arntzen",Delcina Arntzen,513040552-8,9/24/1987,Science,Q-168,Borrowed
514,"Science Book,Artinstall",Joanie Artinstall,519234673-8,1886-08-26,Science,J-125,Available
515,"Biography Book,Harty",Beatrice Harty,622156584-7,12/8/1912,Biography,Q-320,Borrowed
516,"History Book,Eblein",Pall Eblein,875050208-5,1/24/1996,History,I-186,Borrowed
517,"History Book,Fawlkes",Tate Fawlkes,771515136-X,11/20/1908,History,V-037,Borrowed
518,"Poetry Book,Bracco",Brien Bracco,868744939-9,6/12/1939,Poetry,I-502,Borrowed
519,"Science Book,Gorelli",Dannie Gorelli,067060869-6,1804-08-06,Science,Y-732,Borrowed
520,"Science Book,Margerrison",Shayla Margerrison,917838416-8,1847-11-13,Science,O-177,Borrowed
521,"History Book,Trundle",Noni Trundle,226876234-3,1883-06-18,History,B-452,Borrowed
522,"History Book,Haller",Jacquelyn Haller,130457090-8,3/10/1939,History,V-401,Borrowed
523,"History Book,Bridgens",Michale Bridgens,269730715-X,1890-07-04,History,V-370,Borrowed
524,"Science Book,Flatte",Dara Flatte,470019822-2,9/19/1945,Science,L-805,Borrowed
525,"Biography Book,Budgett",Hillier Budgett,880508998-2,1881-09-01,Biography,H-668,Available
526,"Biography Book,McGuffie",Tan McGuffie,765486563-5,11/5/2005,Biography,I-549,Available
527,"History Book,Palphreyman",Noe Palphreyman,007995128-7,1812-02-22,History,L-330,Borrowed
528,"History Book,Shovlin",Aube Shovlin,560028699-6,6/3/1955,History,A-155,Available
529,"Biography Book,Coulbeck",Aurea Coulbeck,613078932-7,2/18/1954,Biography,X-787,Available
530,"Science Book,Jaslem",Lanni Jaslem,247174000-6,1840-02-19,Science,D-584,Borrowed
531,"Science Book,Duffin",Lemar Duffin,562875120-0,7/19/1910,Science,R-823,Available
532,"Science Book,Sydney",Evyn Sydney,542996342-9,1810-11-02,Science,G-535,Available
533,"Biography Book,Lerigo",Aloise Lerigo,668118716-1,10/18/2023,Biography,E-438,Available
534,"Self-Help Book,Noot",Dorris Noot,204840879-6,6/12/1904,Self-Help,G-216,Available
535,"Science Book,Van Salzberger",Carlyn Van Salzberger,124330452-9,5/19/1909,Science,W-257,Borrowed
536,"Self-Help Book,Izat",Hanni Izat,033257117-3,11/15/1979,Self-Help,F-209,Borrowed
537,"Biography Book,Jahnisch",Hermione Jahnisch,725589894-7,1864-10-13,Biography,U-540,Available
538,"History Book,Brosnan",Oriana Brosnan,760446569-2,8/11/1929,History,Q-230,Available
539,"Poetry Book,Walkley",Dewain Walkley,215256713-7,7/16/2004,Poetry,K-116,Available
540,"Science Book,Stadding",Kipp Stadding,727793655-8,7/21/1973,Science,C-145,Borrowed
541,"Self-Help Book,Patel",Sherwynd Patel,823304679-5,8/8/1940,Self-Help,Z-456,Available
542,"Biography Book,Lunney",Elizabet Lunney,236353373-9,9/27/1964,Biography,C-988,Borrowed
543,"Science Book,Kingscote",Sophey Kingscote,083298920-7,1820-03-10,Science,R-341,Available
544,"History Book,Gullifant",Bobette Gullifant,667191860-0,1878-02-12,History,I-628,Available
545,"Self-Help Book,Sapauton",Krystalle Sapauton,188157430-X,7/9/1964,Self-Help,U-896,Available
546,"Science Book,Bodill",Hesther Bodill,134961706-7,1857-04-14,Science,R-246,Available
547,"History Book,Prestner",Kaye Prestner,615905436-8,1894-09-20,History,N-970,Borrowed
548,"Poetry Book,Heal",Ginger Heal,785592580-5,1856-09-03,Poetry,U-696,Borrowed
549,"Poetry Book,Casella",Purcell Casella,225706828-9,5/10/2014,Poetry,E-486,Available
550,"Poetry Book,Founds",Siegfried Founds,757612469-5,2/19/1905,Poetry,A-791,Borrowed
551,"Science Book,Sansom",Jonell Sansom,336944592-1,12/16/1983,Science,Y-401,Available
552,"Science Book,Eliet",Lay Eliet,066047682-7,1871-10-04,Science,T-938,Borrowed
553,"Poetry Book,Regglar",Lou Regglar,516670661-7,1879-02-26,Poetry,L-360,Borrowed
554,"Self-Help Book,Raun",Dalia Raun,955228166-0,1837-06-09,Self-Help,M-974,Borrowed
555,"History Book,witt Eyam",De witt Eyam,688871704-6,1897-06-30,History,L-768,Available
556,"History Book,Tembey",Shadow Tembey,896736728-7,7/16/1997,History,K-537,Available
557,"History Book,Brideaux",Danya Brideaux,386601300-0,11/16/1958,History,A-226,Available
558,"Science Book,Ondrousek",Arlinda Ondrousek,687026661-1,1859-03-26,Science,O-890,Available
559,"Poetry Book,Grzeszczyk",Rogers Grzeszczyk,069923376-3,1877-04-12,Poetry,N-939,Borrowed
560,"Science Book,Eastment",Zollie Eastment,779443974-4,3/5/2014,Science,D-621,Available
561,"Biography Book,Gladhill",Haslett Gladhill,576842462-8,1825-10-02,Biography,D-594,Borrowed
562,"Science Book,Chretien",Eustacia Chretien,186773473-7,9/22/1956,Science,B-249,Available
563,"Poetry Book,Carayol",Rubi Carayol,564598911-2,1/10/1914,Poetry,O-849,Borrowed
564,"History Book,Keoghane",Baxie Keoghane,390755497-3,4/25/1900,History,B-598,Available
565,"History Book,Bilofsky",Thomasa Bilofsky,108324753-0,1895-06-29,History,T-529,Borrowed
566,"History Book,Schwand",Jacynth Schwand,039954675-8,1/2/1995,History,B-472,Available
567,"History Book,Gartside",Magdaia Gartside,597518938-1,1885-03-30,History,T-355,Borrowed
568,"Self-Help Book,Hunnicot",Lela Hunnicot,512576361-6,4/14/1964,Self-Help,A-907,Borrowed
569,"History Book,Mansfield",Betsey Mansfield,134825157-3,1/21/1954,History,T-329,Available
570,"Science Book,Asquez",Micheal Asquez,711249413-3,1830-04-01,Science,Q-215,Available
571,"Poetry Book,Maleney",Cecil Maleney,767017007-7,6/9/2014,Poetry,Q-235,Available
572,"Biography Book,Officer",Ronald Officer,557641581-7,8/10/1930,Biography,L-537,Available
573,"Biography Book,Pagin",Arny Pagin,519685613-7,1830-06-08,Biography,A-275,Available
574,"Biography Book,Thebeau",Rowan Thebeau,828578678-1,2/25/1985,Biography,W-843,Borrowed
575,"History Book,Serman",Bettina Serman,319313330-2,6/9/1910,History,C-951,Borrowed
576,"History Book,Swadlinge",Amalita Swadlinge,800160004-1,1801-07-20,History,K-628,Borrowed
577,"History Book,Cheesworth",Hulda Cheesworth,410827807-0,3/13/1929,History,G-882,Available
578,"History Book,Cruwys",Madel Cruwys,972932789-0,10/10/1975,History,J-782,Borrowed
579,"History Book,Lillicrop",Josefa Lillicrop,288100754-6,7/29/1959,History,Y-145,Available
580,"Biography Book,Flowitt",Mildred Flowitt,145725157-4,1841-06-03,Biography,M-362,Available
581,"Science Book,Korneichik",Sadella Korneichik,739097225-4,7/17/1922,Science,Z-765,Available
582,"Poetry Book,Bezemer",Nickolai Bezemer,320134365-X,1856-09-09,Poetry,F-556,Available
583,"Science Book,MacKartan",Clemence MacKartan,212837003-5,1884-07-02,Science,G-967,Borrowed
584,"Science Book,Robb",Georgi Robb,903594541-7,1804-07-22,Science,O-004,Borrowed
585,"Science Book,Spellsworth",Sawyer Spellsworth,870769997-2,10/13/1996,Science,S-562,Available
586,"History Book,Frodsham",Marthena Frodsham,085879501-9,1850-07-17,History,Z-792,Available
587,"History Book,Duffin",Flore Duffin,006530831-X,1871-11-23,History,O-322,Available
588,"Poetry Book,Leimster",Jere Leimster,381903421-8,12/5/1919,Poetry,E-830,Available
589,"History Book,Rene",Korie Rene,680236814-5,3/3/1963,History,Z-927,Available
590,"Science Book,Castellini",Minette Castellini,700069724-5,1892-12-20,Science,Z-439,Available
591,"History Book,Roddie",Cindra Roddie,077548221-8,1/18/2021,History,C-509,Available
592,"Biography Book,Siveter",Selestina Siveter,882819844-3,1838-09-03,Biography,N-485,Available
593,"History Book,Herrieven",Micheline Herrieven,039570640-8,7/8/1935,History,L-746,Borrowed
594,"History Book,Speck",Angela Speck,157824764-0,1831-07-21,History,A-112,Available
595,"History Book,Lambersen",Saleem Lambersen,917403632-7,8/19/2011,History,H-049,Borrowed
596,"Science Book,Marquot",Brose Marquot,531762090-2,1899-07-22,Science,Y-413,Available
597,"History Book,Galilee",Roseanne Galilee,979784296-7,1835-03-28,History,L-369,Borrowed
598,"Self-Help Book,Helliwell",Rosaline Helliwell,616696003-4,10/11/1914,Self-Help,F-410,Borrowed
599,"History Book,Pote",Torey Pote,462617793-X,8/10/2009,History,K-317,Available
600,"Biography Book,Sabati",Ken Sabati,659557483-7,11/27/1934,Biography,M-748,Borrowed
601,"History Book,Dalgardno",Dennis Dalgardno,431450099-9,12/1/1912,History,R-525,Available
602,"Science Book,Valance",Sharon Valance,163902288-0,3/1/2017,Science,T-008,Available
603,"Poetry Book,Hopkynson",Naomi Hopkynson,843470472-2,1805-12-19,Poetry,Y-103,Available
604,"Biography Book,Wauchope",Riane Wauchope,061925824-1,1854-05-09,Biography,S-369,Available
605,"Science Book,Tolworthy",Della Tolworthy,376858155-1,5/4/1993,Science,Y-031,Borrowed
606,"Biography Book,Quan",Ezmeralda Quan,450773252-2,1870-12-10,Biography,G-766,Borrowed
607,"Biography Book,Bearblock",Maggi Bearblock,488843044-6,8/2/1902,Biography,V-308,Available
608,"Science Book,Mathews",Emelyne Mathews,602296402-4,1847-02-08,Science,O-697,Borrowed
609,"Science Book,Renak",Krystalle Renak,993134340-0,1/16/2018,Science,A-028,Borrowed
610,"History Book,Bradbrook",Querida Bradbrook,612104902-2,3/26/1965,History,F-600,Available
611,"Science Book,Ducrow",Virgie Ducrow,560131770-4,2/15/2009,Science,R-031,Available
612,"History Book,Masding",Krista Masding,659096737-7,1863-03-26,History,V-822,Available
613,"History Book,Suthren",Ezri Suthren,311660501-7,2/11/1956,History,W-447,Available
614,"Biography Book,Draye",Shaine Draye,019284642-6,4/19/2005,Biography,D-429,Available
615,"Science Book,Creebo",Buiron Creebo,155133721-5,1837-09-06,Science,Y-497,Available
616,"Poetry Book,Edwards",Dela Edwards,326392646-2,10/10/1901,Poetry,Y-498,Available
617,"Biography Book,Schulkins",Dorie Schulkins,775633963-0,1884-05-16,Biography,L-209,Available
618,"Poetry Book,Langdale",Meade Langdale,062646071-9,1858-07-25,Poetry,B-375,Available
619,"Self-Help Book,Moniker",Kelby Moniker,881690949-8,1/9/1938,Self-Help,X-452,Available
620,"Science Book,Schiesterl",Terese Schiesterl,870871772-9,11/8/1993,Science,Z-924,Available
621,"Science Book,Farady",Lettie Farady,095160698-0,1/10/2019,Science,G-904,Borrowed
622,"Biography Book,Dodswell",Timmie Dodswell,587774323-6,6/16/1988,Biography,F-637,Available
623,"Science Book,Noraway",Diena Noraway,071566935-4,8/15/1974,Science,S-352,Available
624,"History Book,Bristo",Cathi Bristo,937484963-1,4/17/1988,History,Y-398,Available
625,"Science Book,Twiddell",Rivi Twiddell,168602800-8,3/7/1919,Science,I-241,Borrowed
626,"Science Book,Robertsen",Nichole Robertsen,093860733-2,7/27/1952,Science,F-045,Borrowed
627,"Science Book,Wharrier",Arly Wharrier,097276283-3,1834-04-03,Science,S-948,Available
628,"Science Book,Shadwick",Ninnette Shadwick,842189567-2,12/3/2013,Science,M-890,Borrowed
629,"Science Book,Mellem",Binni Mellem,875812325-3,1/16/1909,Science,F-993,Available
630,"Science Book,Tracey",Asa Tracey,002983874-6,1837-03-08,Science,E-016,Available
631,"Biography Book,McGarrahan",Adeline McGarrahan,919256776-2,1803-07-24,Biography,V-902,Available
632,"Biography Book,Spurgeon",Thacher Spurgeon,131714035-4,8/21/1900,Biography,G-542,Available
633,"Science Book,Platt",Pandora Platt,864469778-1,1870-10-01,Science,Q-860,Borrowed
634,"Science Book,Minogue",Chicky Minogue,781882539-8,4/9/1961,Science,P-120,Borrowed
635,"Science Book,Scarlin",Shayna Scarlin,494086542-8,1857-11-28,Science,M-641,Available
636,"Self-Help Book,Francescone",Karla Francescone,562208247-1,1878-04-16,Self-Help,O-935,Available
637,"Science Book,Twigley",Alisa Twigley,016787750-X,1810-08-09,Science,L-425,Available
638,"Science Book,Bickerstaffe",Ravid Bickerstaffe,292879323-2,8/7/1925,Science,L-899,Available
639,"Science Book,Wainman",Carolina Wainman,345076503-5,1824-02-28,Science,Z-907,Available
640,"Science Book,Whettleton",Iver Whettleton,959845761-3,3/15/2021,Science,U-907,Available
641,"History Book,Oldall",Wilona Oldall,560721699-3,1893-06-30,History,Y-536,Available
642,"Biography Book,Tibald",Jacky Tibald,933876340-4,1895-07-15,Biography,Y-054,Borrowed
643,"Science Book,Wedmore",Kippie Wedmore,065142535-2,8/10/1911,Science,E-396,Available
644,"Biography Book,Zannolli",Hiram Zannolli,069507256-0,1871-03-10,Biography,U-129,Available
645,"History Book,Barnwille",Joceline Barnwille,780873060-2,1819-10-02,History,A-452,Available
646,"Poetry Book,Wingrove",Mona Wingrove,732775410-5,1834-09-12,Poetry,V-026,Borrowed
647,"Science Book,Carreck",Tyrus Carreck,779380424-4,1898-11-09,Science,T-068,Available
648,"Science Book,Bootton",Clemmy Bootton,819505327-0,1864-09-30,Science,F-002,Available
649,"Science Book,Seston",Dulcy Seston,601951305-X,2/25/1963,Science,I-703,Available
650,"Science Book,Burnapp",Tadeas Burnapp,942060320-2,1850-12-22,Science,M-794,Available
651,"Science Book,Tapson",Zondra Tapson,802827911-2,1835-11-26,Science,K-110,Available
652,"Science Book,Pudsey",Garrek Pudsey,467154273-0,1851-07-25,Science,J-563,Borrowed
653,"Science Book,Van den Broek",Theodoric Van den Broek,777809350-2,1896-08-07,Science,P-933,Borrowed
654,"Science Book,Ashness",Polly Ashness,105610879-7,5/11/1905,Science,C-353,Borrowed
655,"History Book,Vertigan",Cris Vertigan,939016110-X,1881-11-23,History,L-635,Available
656,"History Book,Hatter",Nerti Hatter,630410597-5,12/2/1907,History,E-361,Borrowed
657,"Poetry Book,Charrington",Brady Charrington,469138972-5,12/4/1912,Poetry,H-659,Borrowed
658,"Science Book,Roxburgh",Eileen Roxburgh,598683293-0,1818-06-26,Science,M-989,Available
659,"History Book,Tennick",Evangelina Tennick,617201809-4,10/29/1974,History,V-282,Available
660,"Science Book,Duffett",Westley Duffett,637813935-0,10/13/1990,Science,G-157,Available
661,"Science Book,Grimshaw",Davita Grimshaw,484798045-X,12/18/2009,Science,E-419,Available
662,"Self-Help Book,MacGiolla Pheadair",Tammie MacGiolla Pheadair,462164652-4,4/8/1927,Self-Help,K-853,Available
663,"Science Book,Rutherforth",Salim Rutherforth,779076196-X,1817-11-15,Science,Z-531,Borrowed
664,"History Book,Apfel",Gerianna Apfel,392375935-5,1820-07-29,History,F-432,Borrowed
665,"Poetry Book,Duprey",Barbara-anne Duprey,240387236-9,7/1/1947,Poetry,Z-879,Borrowed
666,"History Book,Simenot",Donnamarie Simenot,724622528-5,8/24/1998,History,Z-882,Available
667,"History Book,Van der Brugge",Cedric Van der Brugge,919573771-5,1835-07-31,History,X-144,Available
668,"Self-Help Book,Barkaway",Rebekkah Barkaway,530532175-1,1857-10-23,Self-Help,R-130,Available
669,"Science Book,Yewen",Janeen Yewen,055958042-8,9/30/1945,Science,H-397,Borrowed
670,"Biography Book,Kornalik",Doy Kornalik,993284083-1,1845-12-19,Biography,C-612,Borrowed
671,"Self-Help Book,Tregido",Ami Tregido,935569035-5,7/31/1902,Self-Help,I-627,Available
672,"Biography Book,Molohan",Hannie Molohan,721536613-8,11/20/1936,Biography,E-017,Borrowed
673,"Science Book,Martland",Wynnie Martland,747105857-9,1883-10-21,Science,N-192,Borrowed
674,"Science Book,Pugh",Hildegaard Pugh,038464247-0,1854-11-02,Science,E-378,Available
675,"Poetry Book,Gegay",Barnabe Gegay,436208057-0,10/29/1910,Poetry,X-833,Borrowed
676,"History Book,Shoreson",Trstram Shoreson,174578227-3,10/6/1961,History,P-849,Borrowed
677,"History Book,Angelini",Mariann Angelini,646946630-3,1897-12-13,History,C-275,Borrowed
678,"Science Book,Liggens",Hervey Liggens,020054982-0,1801-07-26,Science,R-984,Available
679,"Biography Book,Feldharker",Martainn Feldharker,503621309-2,1800-10-01,Biography,B-348,Available
680,"Science Book,Agirre",Mavis Agirre,025435937-X,2/21/1934,Science,U-991,Borrowed
681,"Science Book,Southway",Georgeanna Southway,420900146-5,2/16/1948,Science,Z-349,Borrowed
682,"History Book,Luparti",Arney Luparti,651976328-4,7/30/1936,History,L-441,Borrowed
683,"Science Book,McDuffy",Giavani McDuffy,890363546-9,1800-06-18,Science,L-456,Available
684,"History Book,Splevin",Shawn Splevin,238361328-2,1888-07-07,History,K-132,Borrowed
685,"History Book,Busk",Tab Busk,050068154-6,5/30/1963,History,A-274,Available
686,"Science Book,Gairdner",Euell Gairdner,304087576-0,1836-10-28,Science,Z-990,Available
687,"Science Book,Strethill",Rowan Strethill,428732801-9,12/13/1910,Science,I-572,Available
688,"Self-Help Book,Skacel",Adelina Skacel,110358769-2,1808-09-06,Self-Help,D-685,Borrowed
689,"History Book,Irce",Dari Irce,637315004-6,1804-12-24,History,J-564,Available
690,"History Book,Iscowitz",Ban Iscowitz,605681689-3,1823-10-07,History,E-867,Borrowed
691,"History Book,Smogur",Talbert Smogur,891673194-1,4/18/1966,History,E-096,Available
692,"Science Book,Ruddock",Mabel Ruddock,032528301-X,9/13/1918,Science,Z-968,Available
693,"Science Book,Ormes",Gabriella Ormes,224564028-4,7/31/2003,Science,S-938,Borrowed
694,"Self-Help Book,Doick",Gerick Doick,023905408-3,6/1/2008,Self-Help,E-102,Available
695,"History Book,Busch",Lind Busch,140455023-2,4/14/1947,History,B-608,Available
696,"Science Book,Hymer",Kin Hymer,594756519-6,1825-07-11,Science,E-578,Borrowed
697,"History Book,Dilawey",Henrik Dilawey,192333619-3,1826-02-17,History,Z-893,Borrowed
698,"History Book,Goschalk",Shaylynn Goschalk,996657077-2,4/19/1942,History,T-905,Borrowed
699,"Science Book,mela Imlach",Miof mela Imlach,340793924-8,2/20/1911,Science,X-184,Borrowed
700,"Science Book,Kores",Heinrick Kores,458943187-4,1864-07-07,Science,G-305,Borrowed
701,"Science Book,Crummey",Barnett Crummey,502985474-6,12/3/1977,Science,F-437,Available
702,"History Book,Arrighetti",Ana Arrighetti,448074064-3,4/18/1973,History,U-877,Borrowed
703,"Science Book,Dipple",Carly Dipple,741436001-6,2/18/2005,Science,D-540,Available
704,"History Book,Blowes",Charlene Blowes,036440184-2,1/31/1949,History,Q-118,Borrowed
705,"Biography Book,Pinnocke",Amity Pinnocke,376567793-0,7/14/1998,Biography,P-254,Available
706,"History Book,Twydell",Cissy Twydell,188184668-7,4/21/1901,History,Z-893,Available
707,"Science Book,Yorke",Karyn Yorke,897768729-2,11/20/1987,Science,K-491,Borrowed
708,"History Book,Waters",Sandor Waters,767625550-3,5/28/1966,History,O-815,Borrowed
709,"Science Book,McGeady",Emery McGeady,783615282-0,1869-08-25,Science,M-114,Available
710,"History Book,Brearley",Taber Brearley,717274292-3,1836-06-25,History,Q-125,Borrowed
711,"Self-Help Book,Hardwicke",Garey Hardwicke,859991721-8,1852-11-13,Self-Help,M-273,Borrowed
712,"Poetry Book,Omar",Rorke Omar,088909839-5,1874-07-11,Poetry,E-536,Available
713,"Science Book,Whooley",Katrina Whooley,537130897-0,9/13/1904,Science,Y-680,Available
714,"Science Book,Stribbling",Colby Stribbling,425080029-6,6/2/1947,Science,J-829,Available
715,"Science Book,Spurret",Gregorius Spurret,696050240-3,3/22/1972,Science,A-629,Borrowed
716,"Self-Help Book,Cicullo",Jaime Cicullo,063296277-1,1870-04-20,Self-Help,P-484,Available
717,"Biography Book,Tomaszewicz",Saidee Tomaszewicz,715244264-9,3/10/1926,Biography,H-618,Borrowed
718,"Science Book,Willoughby",Bev Willoughby,495744074-3,1858-09-19,Science,H-160,Available
719,"History Book,Follet",Collie Follet,755824262-2,5/2/1916,History,J-133,Available
720,"History Book,Cancott",Helenelizabeth Cancott,934936166-3,1865-01-30,History,T-583,Available
721,"Science Book,Brager",Sigvard Brager,207969260-7,8/20/1918,Science,S-481,Borrowed
722,"Science Book,L'Homme",Fidelity L'Homme,928343327-0,1835-07-11,Science,H-097,Available
723,"Science Book,Physick",Ashby Physick,946047463-2,1896-05-07,Science,R-531,Borrowed
724,"Biography Book,Mc Curlye",Reinold Mc Curlye,982474698-6,4/24/1923,Biography,W-948,Available
725,"History Book,Daughton",Roldan Daughton,000696627-6,5/27/1959,History,A-866,Borrowed
726,"Science Book,Melmar",Erina Melmar,727697423-5,9/23/1902,Science,F-737,Available
727,"History Book,Montfort",Nora Montfort,101546112-3,1814-02-11,History,I-470,Available
728,"Biography Book,Roome",Robbert Roome,860600159-7,4/6/1922,Biography,K-730,Available
729,"Biography Book,Ivushkin",Tedman Ivushkin,323212796-7,5/10/1950,Biography,P-770,Borrowed
730,"Science Book,Moseley",Auroora Moseley,892948775-0,10/11/1901,Science,S-942,Borrowed
731,"Science Book,Gookey",Douglas Gookey,404564667-1,10/27/1910,Science,L-992,Available
732,"Poetry Book,Nattrass",Von Nattrass,439617075-0,1892-04-16,Poetry,E-652,Available
733,"History Book,Daffey",Damara Daffey,189621010-4,12/8/1947,History,Q-424,Available
734,"Biography Book,Terbruggen",Abram Terbruggen,013091426-6,1828-02-19,Biography,S-051,Available
735,"Science Book,Waltering",Reese Waltering,203557921-X,5/1/1948,Science,J-102,Available
736,"Science Book,Malthus",Mart Malthus,871153497-4,8/27/1981,Science,R-091,Borrowed
737,"Self-Help Book,Blacker",Tabatha Blacker,932490079-X,8/6/1953,Self-Help,F-944,Borrowed
738,"Science Book,Ruby",Ardene Ruby,940710032-4,1845-10-21,Science,L-146,Borrowed
739,"Science Book,Pople",Stillman Pople,684460504-8,7/1/1975,Science,H-650,Available
740,"History Book,Greatbank",Enrichetta Greatbank,249001903-1,1868-11-08,History,T-664,Available
741,"Biography Book,Dury",Andres Dury,497780778-2,1800-03-22,Biography,P-529,Borrowed
742,"Biography Book,Kemmish",Page Kemmish,005899604-4,6/24/1978,Biography,M-283,Available
743,"Poetry Book,Pettegree",Francklyn Pettegree,366349366-0,1854-12-13,Poetry,M-922,Available
744,"Poetry Book,Sweetnam",Pryce Sweetnam,406563456-3,1884-08-17,Poetry,D-502,Available
745,"Self-Help Book,Coupland",Edgar Coupland,975827976-9,3/20/1994,Self-Help,B-627,Available
746,"History Book,Howie",Flossi Howie,143242226-X,12/24/1969,History,Z-589,Available
747,"Science Book,Twyning",Danit Twyning,998095446-9,3/26/1905,Science,O-653,Borrowed
748,"Poetry Book,Akam",Viola Akam,231666328-1,1801-08-07,Poetry,Z-043,Available
749,"Poetry Book,Warre",Poppy Warre,655156173-X,7/16/1922,Poetry,C-355,Borrowed
750,"Poetry Book,Rao",Nikita Rao,801723668-9,1863-02-28,Poetry,U-085,Available
751,"Biography Book,Goscomb",Illa Goscomb,061232536-9,1878-07-14,Biography,A-948,Available
752,"History Book,Salmoni",Ashla Salmoni,691975501-7,10/7/2015,History,D-001,Borrowed
753,"Biography Book,Muston",Meier Muston,407313628-3,1861-06-21,Biography,T-549,Available
754,"History Book,Conry",Bastian Conry,183531366-3,1847-09-15,History,W-061,Borrowed
755,"Biography Book,Casterou",Dianne Casterou,733840222-1,1855-08-14,Biography,X-655,Borrowed
756,"History Book,Markwelley",Cyb Markwelley,448867637-5,1837-10-11,History,D-299,Available
757,"Science Book,Sommers",Aldo Sommers,865907700-8,6/7/1938,Science,Q-621,Available
758,"Poetry Book,Docharty",Jorrie Docharty,488285444-9,3/28/1973,Poetry,R-591,Available
759,"Science Book,Grise",Syd Grise,827674611-X,1805-11-04,Science,G-732,Available
760,"Science Book,Peppard",Corly Peppard,627573359-4,1808-11-01,Science,I-896,Borrowed
761,"Science Book,Van Waadenburg",Sancho Van Waadenburg,231278834-9,1894-01-02,Science,Q-745,Borrowed
762,"History Book,Longmire",Dario Longmire,666188922-5,1896-05-19,History,F-113,Borrowed
763,"Biography Book,Matzkaitis",Griselda Matzkaitis,277097530-7,1864-02-18,Biography,G-105,Borrowed
764,"Biography Book,Brownlie",Algernon Brownlie,519280418-3,1824-07-30,Biography,X-240,Borrowed
765,"Science Book,Davidofski",Odo Davidofski,331079055-X,1814-05-07,Science,Y-790,Borrowed
766,"Science Book,Caddens",Jordan Caddens,258160320-8,11/16/1970,Science,I-121,Available
767,"History Book,Janku",Forster Janku,372215166-X,6/1/2005,History,W-310,Borrowed
768,"Biography Book,Fitchet",Albrecht Fitchet,456469615-7,1828-01-17,Biography,R-453,Available
769,"Self-Help Book,Voas",Parry Voas,873482647-5,1878-08-13,Self-Help,T-091,Borrowed
770,"Science Book,Kiloh",Anthony Kiloh,871016928-8,3/17/1926,Science,M-736,Borrowed
771,"Science Book,Woolvett",Whitney Woolvett,555141334-9,1835-10-04,Science,F-438,Available
772,"History Book,Copson",Ardath Copson,163506112-1,6/6/1910,History,M-899,Borrowed
773,"Science Book,Eliet",Tobey Eliet,315547011-9,1893-05-10,Science,T-286,Available
774,"Biography Book,Hannant",Harmony Hannant,363374709-5,12/29/1910,Biography,B-960,Borrowed
775,"Science Book,Jewett",Nessy Jewett,833000878-9,10/3/1921,Science,E-947,Borrowed
776,"Science Book,Swain",Maynard Swain,581219119-0,11/14/1908,Science,Q-881,Available
777,"Science Book,Northern",Phillipe Northern,245928677-5,2/17/1919,Science,W-723,Available
778,"Science Book,Polack",Quincy Polack,789664022-8,1810-06-10,Science,T-733,Available
779,"Science Book,Willerstone",Robbert Willerstone,716490103-1,12/20/1958,Science,O-750,Available
780,"Science Book,Spreadbury",Vanni Spreadbury,606958148-2,11/16/1968,Science,V-879,Available
781,"Science Book,Sillick",Wiatt Sillick,964888881-7,1876-07-16,Science,L-311,Available
782,"Poetry Book,Arstall",Cassi Arstall,449142991-X,1837-01-03,Poetry,C-283,Borrowed
783,"History Book,Trevascus",Mirelle Trevascus,248774494-4,9/7/1900,History,O-876,Available
784,"Science Book,Everingham",Myrah Everingham,456032406-9,5/26/1987,Science,E-372,Available
785,"Self-Help Book,Weine",Lorrayne Weine,653740158-5,7/21/1944,Self-Help,T-361,Available
786,"Poetry Book,Cowton",Idell Cowton,164022143-3,10/29/1967,Poetry,C-060,Available
787,"Science Book,Knewstubb",Lida Knewstubb,121825025-9,1/25/1933,Science,W-646,Borrowed
788,"Science Book,Merner",Jo-anne Merner,133908073-7,1880-04-08,Science,Y-904,Available
789,"Science Book,Adderley",Ilka Adderley,225309524-9,7/26/1914,Science,H-327,Available
790,"Poetry Book,Goschalk",Toma Goschalk,243450267-9,1858-10-22,Poetry,M-238,Borrowed
791,"History Book,Tackle",Valry Tackle,606939142-X,5/16/1945,History,Q-168,Available
792,"Biography Book,Audibert",Wit Audibert,046461851-7,6/20/1985,Biography,U-284,Available
793,"Science Book,Wolland",Cory Wolland,554816922-X,1821-12-31,Science,G-206,Borrowed
794,"Poetry Book,Ayre",Alla Ayre,003652553-7,12/3/1970,Poetry,T-739,Available
795,"History Book,Dalby",Tedra Dalby,621929309-6,2/25/2018,History,T-919,Available
796,"Science Book,Reignould",Bridie Reignould,486730715-7,6/5/1928,Science,Y-921,Borrowed
797,"History Book,Grimwad",Leticia Grimwad,758115135-2,3/12/2008,History,V-537,Borrowed
798,"Science Book,Ranns",Tate Ranns,545571643-3,1817-02-12,Science,Z-084,Borrowed
799,"History Book,Burrass",Zahara Burrass,596362009-0,5/1/2015,History,M-402,Available
800,"History Book,Marcos",Yul Marcos,376932272-X,1829-11-04,History,G-269,Borrowed
801,"History Book,Chawner",Alexandrina Chawner,698486185-3,1839-02-27,History,G-606,Available
802,"History Book,Keegan",Demetria Keegan,167111318-7,10/8/1942,History,J-454,Borrowed
803,"Science Book,Graffham",Loni Graffham,956009928-0,6/19/1993,Science,O-900,Available
804,"Science Book,Brunskill",Corella Brunskill,745612605-4,7/16/1935,Science,P-773,Borrowed
805,"Science Book,Scheu",Rodolph Scheu,033629520-0,1863-06-11,Science,F-538,Borrowed
806,"Science Book,Sallenger",Kimmi Sallenger,756970868-7,11/4/1949,Science,Y-155,Borrowed
807,"Science Book,Tilston",Matti Tilston,713042696-9,1882-02-20,Science,D-976,Available
808,"History Book,Filipiak",Caren Filipiak,747882969-4,1879-03-15,History,M-358,Available
809,"Science Book,Sterrick",Isadore Sterrick,049924717-5,1/18/2007,Science,V-480,Borrowed
810,"Science Book,Bargh",Hettie Bargh,529854173-9,1874-07-08,Science,F-252,Available
811,"Self-Help Book,Walne",Carce Walne,304217913-3,9/16/1919,Self-Help,G-559,Available
812,"Science Book,Hamberston",Tabor Hamberston,030012116-4,1844-03-04,Science,L-174,Available
813,"History Book,Pulham",Ardella Pulham,263030701-8,1861-12-05,History,P-361,Available
814,"History Book,Rushford",Aldous Rushford,710310368-2,3/23/2022,History,S-775,Borrowed
815,"History Book,Yakunchikov",Dedie Yakunchikov,616320598-7,1817-11-22,History,E-144,Borrowed
816,"Science Book,Hugle",Reinhard Hugle,962054837-X,1804-11-16,Science,X-609,Available
817,"Science Book,Zapater",Vinson Zapater,818125521-6,10/3/1974,Science,T-740,Available
818,"History Book,Lestrange",Ceil Lestrange,131769155-5,8/8/2019,History,E-527,Available
819,"Science Book,Geldart",Herb Geldart,039348265-0,1855-03-03,Science,E-259,Available
820,"Science Book,Gatheral",Aleta Gatheral,866036159-8,2/2/1999,Science,H-169,Available
821,"Self-Help Book,Ogus",Glenden Ogus,945645539-4,3/8/1981,Self-Help,F-634,Available
822,"Poetry Book,Yurkov",Ula Yurkov,688686877-2,1840-05-24,Poetry,R-788,Borrowed
823,"History Book,Burgane",Viola Burgane,169291356-5,4/11/1929,History,A-409,Borrowed
824,"Science Book,Huggon",Sheff Huggon,575587045-4,8/13/1901,Science,W-191,Borrowed
825,"Science Book,Newing",Boigie Newing,603395385-1,1818-07-19,Science,D-873,Available
826,"Science Book,Parade",Victor Parade,178424953-X,7/26/1916,Science,N-714,Borrowed
827,"Self-Help Book,Housaman",Edik Housaman,013209619-6,7/2/1977,Self-Help,D-264,Borrowed
828,"Science Book,Lebbern",Zacharie Lebbern,545098051-5,11/5/1948,Science,F-408,Borrowed
829,"Science Book,Larmett",Katerina Larmett,554390864-4,1863-02-19,Science,N-436,Available
830,"History Book,Gumey",Sax Gumey,396687884-4,11/12/1938,History,W-263,Available
831,"Science Book,Lamberteschi",Gaspar Lamberteschi,702704706-3,4/29/1976,Science,S-965,Available
832,"Poetry Book,Habbin",Filbert Habbin,383709449-9,1811-12-24,Poetry,K-185,Borrowed
833,"Science Book,Swanne",Claire Swanne,275600738-2,1832-01-31,Science,O-809,Available
834,"History Book,Extil",Gizela Extil,936759769-X,1827-07-18,History,C-692,Available
835,"Biography Book,Lumsden",Farris Lumsden,851629058-1,1896-12-18,Biography,J-676,Available
836,"Science Book,Di Maria",Emera Di Maria,991850051-4,1807-03-31,Science,K-719,Available
837,"Science Book,Organer",Ramsey Organer,815168687-1,1850-03-06,Science,P-050,Available
838,"Science Book,Plows",Jinny Plows,244088531-2,2/6/1999,Science,A-337,Available
839,"Biography Book,Blunt",Terri-jo Blunt,817172024-2,6/9/1973,Biography,F-174,Available
840,"Biography Book,Keech",August Keech,622136638-0,1890-06-08,Biography,E-535,Available
841,"History Book,Welds",Constantine Welds,169413407-5,10/24/1929,History,V-546,Borrowed
842,"History Book,Pracy",Eduard Pracy,812660698-3,5/19/2004,History,K-299,Borrowed
843,"Science Book,Lainge",Kari Lainge,468515525-4,11/9/1920,Science,S-774,Available
844,"Self-Help Book,Lorent",Latia Lorent,649108779-4,1872-06-08,Self-Help,G-371,Available
845,"History Book,Grunwall",Cicely Grunwall,351568829-3,2/20/1980,History,V-951,Available
846,"Science Book,Gladhill",Tome Gladhill,455702638-9,1/19/1923,Science,A-849,Available
847,"Science Book,Ibberson",Rianon Ibberson,039192866-X,3/21/1909,Science,U-525,Available
848,"Poetry Book,Ahren",Filberte Ahren,965267777-9,1859-06-18,Poetry,N-160,Borrowed
849,"Self-Help Book,Kennan",Konrad Kennan,990181129-5,1855-04-26,Self-Help,W-794,Borrowed
850,"History Book,Lodge",Stefano Lodge,842520858-0,1835-06-26,History,G-749,Available
851,"History Book,Carnew",Jeromy Carnew,425465247-X,4/17/1915,History,B-019,Available
852,"History Book,Bendik",Maury Bendik,674459635-7,4/28/1960,History,S-003,Borrowed
853,"History Book,Pettingall",Hamnet Pettingall,227013818-X,1803-07-08,History,I-476,Borrowed
854,"Science Book,Vaadeland",Danna Vaadeland,321789852-4,3/13/1992,Science,D-685,Available
855,"History Book,Kepe",Susannah Kepe,932555684-7,11/26/1915,History,K-987,Borrowed
856,"History Book,Commander",Heriberto Commander,701962829-X,1816-07-26,History,C-474,Available
857,"History Book,Papis",Clayborn Papis,357389604-9,11/25/1978,History,O-406,Available
858,"History Book,Dillet",Dominga Dillet,719707933-0,10/11/1905,History,D-560,Available
859,"Science Book,Balding",Miquela Balding,925823577-0,1842-10-31,Science,G-765,Borrowed
860,"Biography Book,Rochford",Greta Rochford,000347778-9,11/26/1991,Biography,C-260,Borrowed
861,"History Book,Ianinotti",Norine Ianinotti,692328308-6,1815-11-18,History,Y-607,Borrowed
862,"Science Book,Harrowing",Leanora Harrowing,192873505-3,1/21/1947,Science,M-884,Available
863,"Science Book,Killeen",Gennifer Killeen,043555265-1,11/22/2015,Science,P-937,Available
864,"Biography Book,Jupe",Cristabel Jupe,942942630-3,1850-01-23,Biography,R-313,Available
865,"Science Book,Fallowes",Margret Fallowes,460171646-2,7/17/2014,Science,L-878,Available
866,"History Book,Wrintmore",Nancy Wrintmore,905541759-9,9/26/1991,History,H-076,Available
867,"History Book,Menico",Giacinta Menico,342145974-6,1810-05-24,History,I-513,Available
868,"Self-Help Book,Floch",Erda Floch,702951260-X,1857-12-04,Self-Help,Z-538,Available
869,"Science Book,Bromby",Abigael Bromby,363911531-7,1881-09-04,Science,X-242,Available
870,"Science Book,Baudassi",Maddy Baudassi,284152845-6,10/26/1967,Science,C-926,Available
871,"Science Book,Maccraw",Hesther Maccraw,591022653-3,7/4/1998,Science,P-431,Borrowed
872,"Science Book,Gibbe",Alvinia Gibbe,604827216-2,10/15/1947,Science,Q-771,Borrowed
873,"History Book,Giacomucci",Tally Giacomucci,535412750-5,6/30/1999,History,H-548,Available
874,"Poetry Book,Vanderplas",Dewain Vanderplas,187802731-X,2/14/2011,Poetry,U-623,Available
875,"Poetry Book,Earl",Bastien Earl,970482775-X,7/19/1969,Poetry,X-410,Borrowed
876,"History Book,Gobeau",Tootsie Gobeau,077145221-7,7/19/1951,History,A-985,Available
877,"History Book,Torbet",Tonie Torbet,201503920-1,1807-08-04,History,U-908,Available
878,"History Book,Pechacek",Sherie Pechacek,057275966-5,5/26/1995,History,Z-758,Available
879,"History Book,Hazelgrove",Pauletta Hazelgrove,259843042-5,5/14/1969,History,S-649,Available
880,"Biography Book,Wanstall",Madison Wanstall,053736201-0,1813-04-16,Biography,R-964,Borrowed
881,"Poetry Book,Stoak",Raine Stoak,517030151-0,8/9/1902,Poetry,M-663,Available
882,"Poetry Book,Glason",Manuel Glason,230720221-8,4/19/1990,Poetry,Z-140,Borrowed
883,"Science Book,Van der Daal",Corette Van der Daal,101360526-8,1823-12-22,Science,M-026,Borrowed
884,"Poetry Book,Camelli",Deina Camelli,353941884-9,12/3/2019,Poetry,R-598,Available
885,"History Book,Dumini",Rosa Dumini,719151807-3,5/16/1972,History,V-844,Borrowed
886,"Biography Book,Flawith",Alfreda Flawith,439337912-8,1898-05-03,Biography,S-653,Borrowed
887,"Biography Book,Hubeaux",Daisy Hubeaux,569425983-1,5/28/1900,Biography,R-450,Available
888,"History Book,Wolton",Wittie Wolton,302385089-5,10/8/1939,History,U-828,Borrowed
889,"History Book,Peiser",Amy Peiser,353854293-7,11/7/1965,History,E-597,Available
890,"History Book,Southcomb",Evelyn Southcomb,411758982-2,1/5/1949,History,M-880,Borrowed
891,"History Book,Sante",Twyla Sante,960166493-9,6/5/1991,History,G-039,Available
892,"History Book,Rabjohn",Angeli Rabjohn,578393896-3,6/3/1922,History,B-052,Available
893,"Science Book,Placstone",Axel Placstone,817337697-2,1839-09-07,Science,B-974,Borrowed
894,"History Book,Bater",Susann Bater,346143177-X,1885-05-28,History,B-734,Borrowed
895,"Self-Help Book,Ivie",Taddeo Ivie,432735344-2,1844-03-24,Self-Help,I-575,Available
896,"Poetry Book,Kain",Jackelyn Kain,246856310-7,12/6/1992,Poetry,S-403,Available
897,"Poetry Book,Sherwin",Waldo Sherwin,657350756-8,1816-05-19,Poetry,V-280,Available
898,"Science Book,Sands",Gretel Sands,469161335-8,1898-04-08,Science,G-172,Available
899,"Science Book,Gorelli",Denys Gorelli,523261147-X,1858-05-08,Science,V-692,Available
900,"Poetry Book,Salzberger",Merrilee Salzberger,358258054-7,5/3/1920,Poetry,S-561,Borrowed
901,"History Book,Cubbit",Franni Cubbit,648382049-6,1870-10-21,History,P-780,Available
902,"History Book,McCarron",Hebert McCarron,973963063-4,3/5/1921,History,F-024,Available
903,"Poetry Book,Purbrick",Lucho Purbrick,874873105-6,8/9/1917,Poetry,N-147,Available
904,"History Book,Logie",Broderick Logie,473650152-9,3/23/1997,History,D-449,Available
905,"Science Book,Adao",Nonie Adao,434872595-0,1820-04-20,Science,R-035,Borrowed
906,"History Book,Gossington",Ewan Gossington,851324128-8,1893-06-20,History,P-574,Available
907,"History Book,Nesbeth",Ronny Nesbeth,187246779-2,8/14/1931,History,P-364,Available
908,"History Book,Hannum",Clara Hannum,714776610-5,5/18/1948,History,P-760,Available
909,"History Book,Sleightholme",Luther Sleightholme,385852871-4,5/28/1948,History,N-780,Borrowed
910,"History Book,Schimon",Janice Schimon,196394736-3,1839-07-28,History,P-692,Available
911,"History Book,Lampen",Malinde Lampen,102430049-8,2/6/1944,History,N-186,Available
912,"History Book,Leadley",Anabella Leadley,433053958-6,1887-07-08,History,N-805,Available
913,"Science Book,Andrault",Udall Andrault,350544094-9,1821-11-10,Science,P-252,Borrowed
914,"Poetry Book,Dell 'Orto",Terrill Dell 'Orto,665217427-8,4/7/1948,Poetry,Z-666,Available
915,"Science Book,D'Errico",Frannie D'Errico,173005471-4,1810-03-17,Science,P-792,Available
916,"History Book,Neale",Silvain Neale,935304209-7,6/17/1945,History,P-133,Available
917,"History Book,Stainfield",Andra Stainfield,679890539-0,1/28/2016,History,N-489,Available
918,"History Book,Deroche",Wayland Deroche,456603463-1,1/27/1978,History,N-446,Borrowed
919,"History Book,Moles",Vi Moles,000797170-2,2/16/1929,History,S-243,Available
920,"History Book,Prescot",Ezekiel Prescot,388897580-8,10/16/1926,History,J-240,Borrowed
921,"Poetry Book,Kitchinghan",Glad Kitchinghan,669087570-9,11/7/1925,Poetry,O-476,Available
922,"Poetry Book,Hollingshead",Hamish Hollingshead,748869226-8,1/20/2023,Poetry,K-172,Borrowed
923,"History Book,Barbour",Anders Barbour,616813657-6,1866-09-17,History,H-426,Available
924,"Science Book,Donnersberg",Ogden Donnersberg,422661445-3,1/10/1952,Science,L-707,Available
925,"Biography Book,Ewins",Miguel Ewins,438658320-3,1891-08-20,Biography,K-779,Available
926,"Biography Book,Minear",Belinda Minear,175184848-5,1859-08-12,Biography,I-442,Available
927,"Science Book,Farnorth",Sylvan Farnorth,495133995-1,4/25/2009,Science,Z-697,Borrowed
928,"Science Book,Tidey",Alain Tidey,394704088-1,12/18/1960,Science,A-137,Available
929,"History Book,Blackett",Elbertine Blackett,614026907-5,3/29/1940,History,E-178,Available
930,"Science Book,Clemont",Durward Clemont,618128934-8,1860-04-21,Science,V-833,Available
931,"Science Book,Fortune",Rivalee Fortune,890872836-8,10/26/2006,Science,S-160,Available
932,"History Book,Alves",Noble Alves,410564379-7,11/20/1972,History,I-237,Available
933,"Science Book,O'Siaghail",Gareth O'Siaghail,274206303-X,2/25/1903,Science,U-950,Available
934,"History Book,Crystal",Freddie Crystal,760645393-4,2/9/2004,History,V-219,Available
935,"History Book,Jaggs",Rubina Jaggs,632606865-7,8/14/1927,History,U-794,Borrowed
936,"History Book,Lamble",Mayor Lamble,746585838-0,1859-02-05,History,V-412,Borrowed
937,"History Book,Laurentin",Tiffie Laurentin,957724499-8,7/2/2010,History,M-583,Borrowed
938,"Science Book,Yeowell",Peter Yeowell,037213270-7,9/1/1995,Science,W-645,Borrowed
939,"Science Book,Kennelly",Hermina Kennelly,334088648-2,1847-06-18,Science,U-471,Borrowed
940,"Biography Book,Dartan",Pat Dartan,438982796-0,10/14/1920,Biography,Q-881,Borrowed
941,"Science Book,Erbain",Hurleigh Erbain,951765285-2,12/23/1924,Science,R-787,Borrowed
942,"Science Book,Tarbet",Allianora Tarbet,996718091-9,8/21/2022,Science,M-965,Available
943,"Science Book,Boniface",Brendan Boniface,116406674-9,8/14/1989,Science,W-317,Available
944,"History Book,Large",Lydia Large,008293401-0,1809-03-26,History,O-522,Available
945,"Science Book,Halkyard",Cyndi Halkyard,280785487-7,3/16/1944,Science,D-584,Available
946,"Self-Help Book,Bean",Madelina Bean,098489941-3,1836-01-10,Self-Help,V-624,Borrowed
947,"Science Book,Clineck",Aura Clineck,099694074-X,1866-05-25,Science,E-365,Available
948,"Science Book,Cawt",Nico Cawt,375779454-0,6/30/1996,Science,J-338,Available
949,"Science Book,Ottawell",Jarib Ottawell,595342968-1,4/24/2021,Science,R-519,Borrowed
950,"History Book,Beckingham",Genvieve Beckingham,361384874-0,1812-07-10,History,U-505,Available
951,"History Book,Matonin",Lucie Matonin,685149424-8,1824-11-30,History,Q-149,Available
952,"Biography Book,Batchley",Twila Batchley,735572357-X,12/19/1951,Biography,T-911,Borrowed
953,"Poetry Book,Knappe",Beckie Knappe,926002806-X,11/30/1947,Poetry,M-445,Available
954,"Science Book,Denzey",Jakob Denzey,305666442-X,6/6/1932,Science,P-091,Borrowed
955,"Biography Book,Kille",Shanie Kille,769288112-X,1843-03-02,Biography,K-274,Borrowed
956,"Science Book,Rennocks",Leif Rennocks,522201099-6,1806-04-13,Science,S-109,Available
957,"History Book,Swadlinge",Jillane Swadlinge,428868778-0,2/10/1951,History,I-168,Available
958,"History Book,Nutman",Tobie Nutman,503343961-8,5/15/1973,History,Y-152,Borrowed
959,"History Book,Degan",Gayle Degan,285040292-3,1845-02-20,History,Y-286,Borrowed
960,"History Book,Giorgione",Hamil Giorgione,266047660-8,9/12/1952,History,J-903,Available
961,"History Book,Girard",Stacey Girard,405090147-1,5/10/1995,History,W-193,Available
962,"History Book,Petrecz",Tildi Petrecz,636583690-2,4/9/1987,History,R-930,Available
963,"Poetry Book,Hayhurst",Glenn Hayhurst,682188229-0,11/19/1946,Poetry,A-832,Available
964,"History Book,Drinan",Ody Drinan,800193183-8,1/17/1951,History,L-346,Borrowed
965,"Biography Book,Vonderdell",Betti Vonderdell,984276679-9,8/3/1911,Biography,X-623,Borrowed
966,"Science Book,Dearnaley",Lotti Dearnaley,087818985-8,1893-07-26,Science,B-499,Available
967,"Self-Help Book,Mitchelhill",Gunther Mitchelhill,101921042-7,9/11/1924,Self-Help,U-286,Available
968,"Science Book,MacDermott",Flynn MacDermott,502219341-8,7/8/1943,Science,X-323,Available
969,"Science Book,Korn",Carly Korn,445399880-5,8/31/1985,Science,W-461,Available
970,"History Book,Seligson",Jewell Seligson,720451793-8,8/12/1994,History,Z-436,Borrowed
971,"History Book,Holleran",Dunc Holleran,860842968-3,1801-02-09,History,M-874,Borrowed
972,"History Book,Ruddlesden",Fancy Ruddlesden,558571696-4,1811-06-07,History,O-791,Available
973,"History Book,Searsby",Merilyn Searsby,139534504-X,1878-11-20,History,D-674,Available
974,"Science Book,McCurt",Frederic McCurt,983603633-4,1836-04-14,Science,J-481,Borrowed
975,"History Book,Bednall",Kacie Bednall,806195242-4,1812-04-27,History,M-432,Available
976,"History Book,Whyard",Errick Whyard,186487247-0,7/23/2001,History,A-229,Available
977,"History Book,McGarvie",Patric McGarvie,434957297-X,5/23/1915,History,W-857,Available
978,"History Book,Falconbridge",Chrotoem Falconbridge,703229115-5,1866-05-18,History,W-525,Available
979,"Science Book,Dekeyser",Em Dekeyser,672638641-9,1873-07-30,Science,F-599,Available
980,"Science Book,Bleakley",Lucille Bleakley,568831218-1,2/24/1979,Science,D-658,Available
981,"History Book,Fludder",Derick Fludder,487086383-9,1844-04-23,History,P-019,Borrowed
982,"Self-Help Book,Kippin",Frankie Kippin,934417379-6,1825-11-14,Self-Help,H-781,Available
983,"History Book,Bastin",Mara Bastin,369453571-3,1/24/1977,History,F-483,Borrowed
984,"Self-Help Book,McClaren",Kimberley McClaren,015753790-0,1894-11-16,Self-Help,T-040,Borrowed
985,"Self-Help Book,Losano",Antonella Losano,507859692-5,1833-07-24,Self-Help,V-550,Borrowed
986,"Science Book,Copcutt",Rebekah Copcutt,371236829-1,1891-02-18,Science,O-406,Available
987,"History Book,Cossum",Farrah Cossum,319174018-X,8/2/1982,History,X-152,Borrowed
988,"Science Book,Castleton",Wilow Castleton,236841145-3,9/13/1941,Science,W-306,Available
989,"Poetry Book,Henniger",Alric Henniger,953808603-1,7/28/2001,Poetry,B-598,Borrowed
990,"Self-Help Book,Brazil",Haily Brazil,043113789-7,1823-08-04,Self-Help,S-758,Available
991,"Science Book,Cardozo",Torr Cardozo,861596938-8,3/18/1908,Science,F-274,Available
992,"Poetry Book,Petri",Chevalier Petri,048658757-6,1/8/2010,Poetry,D-883,Borrowed
993,"History Book,Orr",Jojo Orr,185211728-1,1851-04-29,History,K-354,Available
994,"History Book,Heball",Janaye Heball,258010843-2,1810-08-31,History,B-384,Available
995,"Science Book,Farrears",Georgena Farrears,244062726-7,6/15/2001,Science,W-459,Borrowed
996,"Science Book,Aughton",Mufi Aughton,894747799-0,1848-07-20,Science,Y-054,Available
997,"History Book,Korn",Tarrah Korn,292575719-7,1835-01-23,History,A-191,Available
998,"History Book,Parkeson",Luz Parkeson,746690418-1,2/20/2009,History,O-789,Available
999,"History Book,Petasch",Amelina Petasch,428913118-2,9/29/1903,History,T-269,Available
1000,"History Book,Murby",Luis Murby,684632641-3,12/28/1969,History,W-061,Available
